RKEEVEENKK_0	10	RKEEVEENKK_0
ESSRPVKPPK_0	10	ESSRPVKPPK_0
PQQVIQHHHSPR_0	12	PQQVIQHHHSPR_0
AQAEHAEKEK_183	10	AQAEHAEKEK_183
PQQVIQHHHSPR_80	12	PQQVIQHHHSPR_80
KDVPDSQQHPAPEK_0	14	KDVPDSQQHPAPEK_0
PEPPKHPESIK_156.1	11	PEPPKHPESIK_156.1
DVPDSQQHPAPEK_0	13	DVPDSQQHPAPEK_0
SKPPPTYESEEEDK_0	14	SKPPPTYESEEEDK_0
RSREDEDALEQAR_0	13	RSREDEDALEQAR_0
SDPYSTGHLR_80	10	SDPYSTGHLR_80
SREDEDALEQARR_0	13	SREDEDALEQARR_0
KDVPDSQQHPAPEK_183	14	KDVPDSQQHPAPEK_183
SDPYSTGHLR_0	10	SDPYSTGHLR_0
KDVPDSQQHPAPEK_42	14	KDVPDSQQHPAPEK_42
APVHLPQRPEMK_0	12	APVHLPQRPEMK_0
SKPPPTYESEEEDK_80	14	SKPPPTYESEEEDK_80
SREDEDALEQAR_0	12	SREDEDALEQAR_0
SREDEDALEQAR_37.9	12	SREDEDALEQAR_37.9
PVIRPPEQNAPPPGAPDKDK_156.1	20	PVIRPPEQNAPPPGAPDKDK_156.1
SREDEDALEQAR_1	12	SREDEDALEQAR_1
AVHEQLAALSQPQQNKPK_32	18	AVHEQLAALSQPQQNKPK_32
AVHEQLAALSQPQQNKPK_16	18	AVHEQLAALSQPQQNKPK_16
AVHEQLAALSQPQQNKPK_0	18	AVHEQLAALSQPQQNKPK_0
AVHEQLAALSQPQQNKPK_37.9	18	AVHEQLAALSQPQQNKPK_37.9
AVHEQLAALSQPQQNKPK_22	18	AVHEQLAALSQPQQNKPK_22
AVHEQLAALSQPQQNKPK_53.9	18	AVHEQLAALSQPQQNKPK_53.9
AVHEQLAALSQPQQNKPKK_-112.1	19	AVHEQLAALSQPQQNKPKK_-112.1
YNPPDHEVVAMAR_0	13	YNPPDHEVVAMAR_0
PVIRPPEQNAPPPGAPDK_156.1	18	PVIRPPEQNAPPPGAPDK_156.1
PVIRPPEQNAPPPGAPDKDK_0	20	PVIRPPEQNAPPPGAPDKDK_0
AVHEQLAALSQPQQNKPK_17	18	AVHEQLAALSQPQQNKPK_17
AVHEQLAALSQPQQNKPK_1	18	AVHEQLAALSQPQQNKPK_1
PVIRPPEQNAPPPGAPDKDK_-6	20	PVIRPPEQNAPPPGAPDKDK_-6
APVHLPQRPEMKPVDVGR_0	18	APVHLPQRPEMKPVDVGR_0
RQLSLDINK_0	9	RQLSLDINK_0
SSSDSFEQFRR_0	11	SSSDSFEQFRR_0
AVHEQLAALSQPQQNK_0	16	AVHEQLAALSQPQQNK_0
SDPYSTGHLR_183	10	SDPYSTGHLR_183
PVIRPPEQNAPPPGAPDK_0	18	PVIRPPEQNAPPPGAPDK_0
PVIRPPEQNAPPPGAPDK_22	18	PVIRPPEQNAPPPGAPDK_22
PVIRPPEQNAPPPGAPDK_1	18	PVIRPPEQNAPPPGAPDK_1
PVDVGRPVIRPPEQNAPPPGAPDKDK_0	26	PVDVGRPVIRPPEQNAPPPGAPDKDK_0
SEPFSPSLRPEPPKHPESIK_0	20	SEPFSPSLRPEPPKHPESIK_0
PPPTYESEEEDKCKPMSYEEK_284.1	21	PPPTYESEEEDKCKPMSYEEK_284.1
KLQDVFEMR_0	9	KLQDVFEMR_0
PVDVGRPVIRPPEQNAPPPGAPDK_0	24	PVDVGRPVIRPPEQNAPPPGAPDK_0
SEPFSPSLRPEPPK_0	14	SEPFSPSLRPEPPK_0
SSSDSFEQFR_0	10	SSSDSFEQFR_0
SVVQPQPLVVVKEEK_0	15	SVVQPQPLVVVKEEK_0
SEPFSPSLRPEPPKHPESIK_80	20	SEPFSPSLRPEPPKHPESIK_80
RQLSLDINKLPGEK_0	14	RQLSLDINKLPGEK_0
AASVVQPQPLVVVKEEK_0	17	AASVVQPQPLVVVKEEK_0
AASVVQPQPLVVVKEEK_22	17	AASVVQPQPLVVVKEEK_22
KQELRAASVVQPQPLVVVK_0	19	KQELRAASVVQPQPLVVVK_0
RQTNQLQYLLR_0	11	RQTNQLQYLLR_0
QEQQQQQQQQAAAVAAAATPQAQSSQPQSMLDQQR_0	35	QEQQQQQQQQAAAVAAAATPQAQSSQPQSMLDQQR_0
QEQQQQQQQQAAAVAAAATPQAQSSQPQSMLDQQR_17	35	QEQQQQQQQQAAAVAAAATPQAQSSQPQSMLDQQR_17
KADTTTPTTIDPIHEPPSLPPEPK_0	24	KADTTTPTTIDPIHEPPSLPPEPK_0
AASVVQPQPLVVVK_0	14	AASVVQPQPLVVVK_0
AASVVQPQPLVVVK_53.9	14	AASVVQPQPLVVVK_53.9
SEPFSPSLRPEPPK_80	14	SEPFSPSLRPEPPK_80
QLSLDINKLPGEK_0	13	QLSLDINKLPGEK_0
MPDEPEEPVVAVSSPAVPPPTK_0	22	MPDEPEEPVVAVSSPAVPPPTK_0
MPDEPEEPVVAVSSPAVPPPTK_17	22	MPDEPEEPVVAVSSPAVPPPTK_17
VQPPTPLLPSVK_0	12	VQPPTPLLPSVK_0
ADTTTPTTIDPIHEPPSLPPEPK_0	23	ADTTTPTTIDPIHEPPSLPPEPK_0
QEQQQQQQQQAAAVAAAATPQAQSSQPQSMLDQQR_-17	35	QEQQQQQQQQAAAVAAAATPQAQSSQPQSMLDQQR_-17
MPDEPEEPVVAVSSPAVPPPTK_80	22	MPDEPEEPVVAVSSPAVPPPTK_80
MPDEPEEPVVAVSSPAVPPPTK_97	22	MPDEPEEPVVAVSSPAVPPPTK_97
INELPTEETEIMIVQAK_0	17	INELPTEETEIMIVQAK_0
HPTTPSSTAK_0	10	HPTTPSSTAK_0
TPMDMGTIK_0	9	TPMDMGTIK_0
PEPPKHPESIK_0	11	PEPPKHPESIK_0
DVPDSQQHPAPEK_22	13	DVPDSQQHPAPEK_22
VVHIIQSR_0	8	VVHIIQSR_0
VDVIAGSSK_0	9	VDVIAGSSK_0
VDVIAGSSK_22	9	VDVIAGSSK_22
DPYSTGHLR_0	9	DPYSTGHLR_0
IHSPIIR_0	7	IHSPIIR_0
SDPYSTGHLR_1.1	10	SDPYSTGHLR_1.1
SREDEDALEQAR_22	12	SREDEDALEQAR_22
AVHEQLAALSQPQQNKPK_38	18	AVHEQLAALSQPQQNKPK_38
EDEDALEQAR_0	10	EDEDALEQAR_0
PVIRPPEQNAPPPGAPDK_12	18	PVIRPPEQNAPPPGAPDK_12
DAQEFGADVR_0	10	DAQEFGADVR_0
SREDEDALEQAR_42	12	SREDEDALEQAR_42
LAELQEQLK_0	9	LAELQEQLK_0
LAELQEQLK_22	9	LAELQEQLK_22
NMGSWASLVQK_32	11	NMGSWASLVQK_32
AVHEQLAALSQPQQN_0	15	AVHEQLAALSQPQQN_0
SSDSFEQFR_0	9	SSDSFEQFR_0
NMGSWASLVQK_4	11	NMGSWASLVQK_4
SSSDSFEQFR_37.9	10	SSSDSFEQFR_37.9
SSSDSFEQFR_22	10	SSSDSFEQFR_22
HPTTPSSTAKSSSDSFEQFR_181	20	HPTTPSSTAKSSSDSFEQFR_181
SEPFSPSLR_0	9	SEPFSPSLR_0
LQDVFEMR_0	8	LQDVFEMR_0
QLSLDINK_0	8	QLSLDINK_0
NMGSWASLVQK_0	11	NMGSWASLVQK_0
AASVVQPQPLVVVKEEK_37.9	17	AASVVQPQPLVVVKEEK_37.9
HPTTPSSTAKSSSDSFEQFR_182	20	HPTTPSSTAKSSSDSFEQFR_182
RQLSLDINKLPGEK_-9	14	RQLSLDINKLPGEK_-9
SVVQPQPLVVVK_0	12	SVVQPQPLVVVK_0
NMGSWASLVQK_22	11	NMGSWASLVQK_22
ASVVQPQPLVVVK_0	13	ASVVQPQPLVVVK_0
LMFSNCYK_-11	8	LMFSNCYK_-11
AASVVQPQPLVVVK_22	14	AASVVQPQPLVVVK_22
LNLPDYYK_0	8	LNLPDYYK_0
AASVVQPQPLVVVK_-0.1	14	AASVVQPQPLVVVK_-0.1
VQPPTPLLPSVK_22	12	VQPPTPLLPSVK_22
QTNQLQYLLR_0	10	QTNQLQYLLR_0
KEEVEENKK_339.1	9	KEEVEENKK_339.1
PQQVIQHHHSPR_12	12	PQQVIQHHHSPR_12
PPKKDVPDSQQHPAPEK_-139.2	17	PPKKDVPDSQQHPAPEK_-139.2
PPPTYESEEEDK_295.1	12	PPPTYESEEEDK_295.1
SREDEDALEQAR_0.1	12	SREDEDALEQAR_0.1
PPEQNAPPPGAPDK_269.2	14	PPEQNAPPPGAPDK_269.2
AVHEQLAALSQPQQNKPK_68.9	18	AVHEQLAALSQPQQNKPK_68.9
SEPFSPSLRPEPPKHPESIK_18	20	SEPFSPSLRPEPPKHPESIK_18
SEPFSPSLRPEPPKHPESIK_37.9	20	SEPFSPSLRPEPPKHPESIK_37.9
PVDVGRPVIRPPEQNAPPPGAPDK_1	24	PVDVGRPVIRPPEQNAPPPGAPDK_1
VQPPTPLLPSVK_128.1	12	VQPPTPLLPSVK_128.1
RKADTTTPTTIDPIHEPPSLPPEPK_0	25	RKADTTTPTTIDPIHEPPSLPPEPK_0
PVDVGRPVIRPPEQNAPPPGAPDK_12	24	PVDVGRPVIRPPEQNAPPPGAPDK_12
AASVVQPQPLVVVKEEK_183	17	AASVVQPQPLVVVKEEK_183
ADTTTPTTIDPIHEPPSLPPEPK_37.9	23	ADTTTPTTIDPIHEPPSLPPEPK_37.9
ADTTTPTTIDPIHEPPSLPPEPK_80	23	ADTTTPTTIDPIHEPPSLPPEPK_80
HQFAWPFQQPVDAVK_0	15	HQFAWPFQQPVDAVK_0
HPTTPSSTAK_239.1	10	HPTTPSSTAK_239.1
PPEQNAPPPGAPDKDK_269.2	16	PPEQNAPPPGAPDKDK_269.2
PPEQNAPPPGAPDKDK_268.2	16	PPEQNAPPPGAPDKDK_268.2
SREDEDALEQAR_24	12	SREDEDALEQAR_24
PVIRPPEQNAPPPGAPDKDK_213.1	20	PVIRPPEQNAPPPGAPDKDK_213.1
PVIRPPEQNAPPPGAPDKDK_427.2	20	PVIRPPEQNAPPPGAPDKDK_427.2
PVIRPPEQNAPPPGAPDK_427.2	18	PVIRPPEQNAPPPGAPDK_427.2
SSSDSFEQFR_334.3	10	SSSDSFEQFR_334.3
EAPSPLMIHSPQMSQFQSLTHQSPPQQNVQPK_80	32	EAPSPLMIHSPQMSQFQSLTHQSPPQQNVQPK_80
HPTTPSSTAK_256.2	10	HPTTPSSTAK_256.2
SSSDSFEQFR_42	10	SSSDSFEQFR_42
SSSDSFEQFRR_-114.1	11	SSSDSFEQFRR_-114.1
SSSDSFEQFR_4.2	10	SSSDSFEQFR_4.2
VQPPTPLLPSVK_-0.1	12	VQPPTPLLPSVK_-0.1
AASVVQPQPLVVVK_1	14	AASVVQPQPLVVVK_1
ALKAQAEHAEK_183	11	ALKAQAEHAEK_183
SREDEDALEQAR_53.9	12	SREDEDALEQAR_53.9
EDEDALEQAR_37.9	10	EDEDALEQAR_37.9
APVHLPQRPEMKPVDVGR_196.1	18	APVHLPQRPEMKPVDVGR_196.1
SEPFSPSLRPEPPKHPESIK_22	20	SEPFSPSLRPEPPKHPESIK_22
SEPFSPSLRPEPPKHPESIK_53.9	20	SEPFSPSLRPEPPKHPESIK_53.9
APVHLPQRPEMKPVDVGR_1.8	18	APVHLPQRPEMKPVDVGR_1.8
HPTTPSSTAKSSSDSFEQFR_183	20	HPTTPSSTAKSSSDSFEQFR_183
PVIRPPEQNAPPPGAPDKDK_-49.5	20	PVIRPPEQNAPPPGAPDKDK_-49.5
SSSDSFEQFR_1	10	SSSDSFEQFR_1
SEPFSPSLRPEPPKHPESIK_42	20	SEPFSPSLRPEPPKHPESIK_42
QEQQQQQQQQAAAVAAAATPQAQSSQPQSMLDQQR_53.9	35	QEQQQQQQQQAAAVAAAATPQAQSSQPQSMLDQQR_53.9
QEQQQQQRQEQQQQQQQQAAAVAAAATPQAQSSQPQSMLDQQR_148.1	43	QEQQQQQRQEQQQQQQQQAAAVAAAATPQAQSSQPQSMLDQQR_148.1
AASVVQPQPLVVVK_37.9	14	AASVVQPQPLVVVK_37.9
EAPSPLMIHSPQMSQFQSLTHQSPPQQNVQPK_0	32	EAPSPLMIHSPQMSQFQSLTHQSPPQQNVQPK_0
EAPSPLMIHSPQMSQFQSLTHQSPPQQNVQPK_32	32	EAPSPLMIHSPQMSQFQSLTHQSPPQQNVQPK_32
NMGSWASLVQK_-3.7	11	NMGSWASLVQK_-3.7
QEQQQQQQQQAAAVAAAATPQAQSSQPQSMLDQQR_37.9	35	QEQQQQQQQQAAAVAAAATPQAQSSQPQSMLDQQR_37.9
MGSWASLVQK_0	10	MGSWASLVQK_0
AASVVQPQPLVVVKEEK_42	17	AASVVQPQPLVVVKEEK_42
NMGSWASLVQK_42	11	NMGSWASLVQK_42
NMGSWASLVQK_17	11	NMGSWASLVQK_17
NSNPDEIEIDFETLKPSTLR_0	20	NSNPDEIEIDFETLKPSTLR_0
APVHLPQRPEMK_476.2	12	APVHLPQRPEMK_476.2
