HPTTPSSTAK_0	10	HPTTPSSTAK_0
AQAEHAEKEK_183	10	AQAEHAEKEK_183
DVPDSQQHPAPEK_0	13	DVPDSQQHPAPEK_0
VDVIAGSSK_0	9	VDVIAGSSK_0
IHSPIIR_0	7	IHSPIIR_0
SDPYSTGHLR_0	10	SDPYSTGHLR_0
SREDEDALEQARR_0	13	SREDEDALEQARR_0
APVHLPQRPEMK_0	12	APVHLPQRPEMK_0
SREDEDALEQAR_37.9	12	SREDEDALEQAR_37.9
SREDEDALEQAR_0	12	SREDEDALEQAR_0
EDEDALEQAR_0	10	EDEDALEQAR_0
NMGSWASLVQK_32	11	NMGSWASLVQK_32
PVIRPPEQNAPPPGAPDKDK_0	20	PVIRPPEQNAPPPGAPDKDK_0
SSSDSFEQFRR_0	11	SSSDSFEQFRR_0
APVHLPQRPEMKPVDVGR_0	18	APVHLPQRPEMKPVDVGR_0
PVIRPPEQNAPPPGAPDK_0	18	PVIRPPEQNAPPPGAPDK_0
SSSDSFEQFR_0	10	SSSDSFEQFR_0
SSDSFEQFR_0	9	SSDSFEQFR_0
SEPFSPSLRPEPPKHPESIK_0	20	SEPFSPSLRPEPPKHPESIK_0
SSSDSFEQFR_22	10	SSSDSFEQFR_22
SSSDSFEQFR_37.9	10	SSSDSFEQFR_37.9
NMGSWASLVQK_4	11	NMGSWASLVQK_4
PVDVGRPVIRPPEQNAPPPGAPDK_0	24	PVDVGRPVIRPPEQNAPPPGAPDK_0
SEPFSPSLRPEPPK_0	14	SEPFSPSLRPEPPK_0
SVVQPQPLVVVKEEK_0	15	SVVQPQPLVVVKEEK_0
SEPFSPSLRPEPPKHPESIK_80	20	SEPFSPSLRPEPPKHPESIK_80
AASVVQPQPLVVVKEEK_0	17	AASVVQPQPLVVVKEEK_0
SVVQPQPLVVVK_0	12	SVVQPQPLVVVK_0
NMGSWASLVQK_-98	11	NMGSWASLVQK_-98
NMGSWASLVQK_22	11	NMGSWASLVQK_22
NMGSWASLVQK_0	11	NMGSWASLVQK_0
AASVVQPQPLVVVK_0	14	AASVVQPQPLVVVK_0
AASVVQPQPLVVVK_22	14	AASVVQPQPLVVVK_22
QEQQQQQQQQAAAVAAAATPQAQSSQPQSMLDQQR_0	35	QEQQQQQQQQAAAVAAAATPQAQSSQPQSMLDQQR_0
AASVVQPQPLVVVK_37.9	14	AASVVQPQPLVVVK_37.9
QEQQQQQQQQAAAVAAAATPQAQSSQPQSMLDQQR_17	35	QEQQQQQQQQAAAVAAAATPQAQSSQPQSMLDQQR_17
QEQQQQQQQQAAAVAAAATPQAQSSQPQSMLDQQR_53.9	35	QEQQQQQQQQAAAVAAAATPQAQSSQPQSMLDQQR_53.9
SEPFSPSLRPEPPK_80	14	SEPFSPSLRPEPPK_80
NMGSWASLVQK_1	11	NMGSWASLVQK_1
VQPPTPLLPSVK_0	12	VQPPTPLLPSVK_0
ADTTTPTTIDPIHEPPSLPPEPK_0	23	ADTTTPTTIDPIHEPPSLPPEPK_0
QEQQQQQQQQAAAVAAAATPQAQSSQPQSMLDQQR_-17	35	QEQQQQQQQQAAAVAAAATPQAQSSQPQSMLDQQR_-17
SSSDSFEQFR_16	10	SSSDSFEQFR_16
AASVVQPQPLVVVK_1	14	AASVVQPQPLVVVK_1
MGSWASLVQK_0	10	MGSWASLVQK_0
PQQVIQHHHSPR_0	12	PQQVIQHHHSPR_0
PQQVIQHHHSPR_80	12	PQQVIQHHHSPR_80
PEPPKHPESIK_156.1	11	PEPPKHPESIK_156.1
SKPPPTYESEEEDK_0	14	SKPPPTYESEEEDK_0
SKPPPTYESEEEDK_80	14	SKPPPTYESEEEDK_80
PVIRPPEQNAPPPGAPDKDK_156.1	20	PVIRPPEQNAPPPGAPDKDK_156.1
AVHEQLAALSQPQQNKPK_32	18	AVHEQLAALSQPQQNKPK_32
AVHEQLAALSQPQQNKPK_16	18	AVHEQLAALSQPQQNKPK_16
AVHEQLAALSQPQQNKPK_0	18	AVHEQLAALSQPQQNKPK_0
AVHEQLAALSQPQQNKPK_37.9	18	AVHEQLAALSQPQQNKPK_37.9
YNPPDHEVVAMAR_0	13	YNPPDHEVVAMAR_0
PVIRPPEQNAPPPGAPDK_156.1	18	PVIRPPEQNAPPPGAPDK_156.1
AVHEQLAALSQPQQNKPK_17	18	AVHEQLAALSQPQQNKPK_17
AVHEQLAALSQPQQNKPK_1	18	AVHEQLAALSQPQQNKPK_1
SDPYSTGHLR_183	10	SDPYSTGHLR_183
PVDVGRPVIRPPEQNAPPPGAPDKDK_0	26	PVDVGRPVIRPPEQNAPPPGAPDKDK_0
KLQDVFEMR_0	9	KLQDVFEMR_0
RQLSLDINKLPGEK_0	14	RQLSLDINKLPGEK_0
KQELRAASVVQPQPLVVVK_0	19	KQELRAASVVQPQPLVVVK_0
KADTTTPTTIDPIHEPPSLPPEPK_0	24	KADTTTPTTIDPIHEPPSLPPEPK_0
AASVVQPQPLVVVK_53.9	14	AASVVQPQPLVVVK_53.9
QLSLDINKLPGEK_0	13	QLSLDINKLPGEK_0
MPDEPEEPVVAVSSPAVPPPTK_0	22	MPDEPEEPVVAVSSPAVPPPTK_0
MPDEPEEPVVAVSSPAVPPPTK_17	22	MPDEPEEPVVAVSSPAVPPPTK_17
MPDEPEEPVVAVSSPAVPPPTK_80	22	MPDEPEEPVVAVSSPAVPPPTK_80
INELPTEETEIMIVQAK_0	17	INELPTEETEIMIVQAK_0
KDVPDSQQHPAPEK_0	14	KDVPDSQQHPAPEK_0
VVHIIQSR_0	8	VVHIIQSR_0
RQLSLDINK_0	9	RQLSLDINK_0
LQDVFEMR_0	8	LQDVFEMR_0
AVHEQLAALSQPQQNKPK_53.9	18	AVHEQLAALSQPQQNKPK_53.9
ADTTTPTTIDPIHEPPSLPPEPK_80	23	ADTTTPTTIDPIHEPPSLPPEPK_80
HPTTPSSTAK_239.1	10	HPTTPSSTAK_239.1
RSREDEDALEQAR_0	13	RSREDEDALEQAR_0
PPEQNAPPPGAPDKDK_269.2	16	PPEQNAPPPGAPDKDK_269.2
PPEQNAPPPGAPDKDK_268.2	16	PPEQNAPPPGAPDKDK_268.2
SREDEDALEQAR_1	12	SREDEDALEQAR_1
PPEQNAPPPGAPDK_269.2	14	PPEQNAPPPGAPDK_269.2
PVIRPPEQNAPPPGAPDKDK_213.1	20	PVIRPPEQNAPPPGAPDKDK_213.1
PVIRPPEQNAPPPGAPDKDK_-6	20	PVIRPPEQNAPPPGAPDKDK_-6
PVIRPPEQNAPPPGAPDKDK_427.2	20	PVIRPPEQNAPPPGAPDKDK_427.2
PVIRPPEQNAPPPGAPDK_1	18	PVIRPPEQNAPPPGAPDK_1
PVIRPPEQNAPPPGAPDK_427.2	18	PVIRPPEQNAPPPGAPDK_427.2
PVIRPPEQNAPPPGAPDK_12	18	PVIRPPEQNAPPPGAPDK_12
SREDEDALEQAR_42	12	SREDEDALEQAR_42
SSSDSFEQFR_334.3	10	SSSDSFEQFR_334.3
EAPSPLMIHSPQMSQFQSLTHQSPPQQNVQPK_80	32	EAPSPLMIHSPQMSQFQSLTHQSPPQQNVQPK_80
HPTTPSSTAK_256.2	10	HPTTPSSTAK_256.2
LAELQEQLK_0	9	LAELQEQLK_0
AASVVQPQPLVVVK_-0.1	14	AASVVQPQPLVVVK_-0.1
LNLPDYYK_0	8	LNLPDYYK_0
SSSDSFEQFR_42	10	SSSDSFEQFR_42
SSSDSFEQFRR_-114.1	11	SSSDSFEQFRR_-114.1
SSSDSFEQFR_4.2	10	SSSDSFEQFR_4.2
VQPPTPLLPSVK_-0.1	12	VQPPTPLLPSVK_-0.1
EAPSPLMIHSPQMSQFQSLTHQSPPQQNVQPK_0	32	EAPSPLMIHSPQMSQFQSLTHQSPPQQNVQPK_0
APVHLPQRPEMK_476.2	12	APVHLPQRPEMK_476.2
SREDEDALEQAR_24	12	SREDEDALEQAR_24
SREDEDALEQAR_53.9	12	SREDEDALEQAR_53.9
HPTTPSSTAKSSSDSFEQFR_182	20	HPTTPSSTAKSSSDSFEQFR_182
EAPSPLMIHSPQMSQFQSLTHQSPPQQNVQPK_32	32	EAPSPLMIHSPQMSQFQSLTHQSPPQQNVQPK_32
