WT_1	WT	QAQDLAR_0	15
WT_1	WT	CDLPSRTVDTK_0	10
WT_1	WT	TVDTKQAQDLAR_0	8
WT_1	WT	SFEDIHHYR_0	371
WT_1	WT	SFEDIHHYR_-87	38
WT_1	WT	SFEDIHHYR_37.9	7
WT_1	WT	SFEDIHHYR_-18	7
WT_1	WT	SFEDIHHYR_53.9	2
WT_1	WT	SFEDIHHYR_3	4
WT_1	WT	SFEDIHHYR_257.1	2
WT_1	WT	LVVVGAGGVGK_128.1	4
WT_1	WT	SFEDIHHYREQIKR_0	84
WT_1	WT	SFEDIHHYREQIKR_2	2
WT_1	WT	SFEDIHHYREQIKR_38	4
WT_1	WT	SFEDIHHYREQIKR_37.9	10
WT_1	WT	YDPTIEDSYRK_0	12
WT_1	WT	SFEDIHHYREQIK_0	12
WT_1	WT	SFEDIHQYR_-147.1	2
WT_1	WT	RVKDSEDVPMVLVGNK_0	50
WT_1	WT	CDLPSRTVDTKQAQDLAR_0	5
WT_1	WT	LVVVGAGGVGK_0	74
WT_1	WT	LVVVGAGGVGK_-18	7
WT_1	WT	LVVVGAGGVGK_340.2	8
WT_1	WT	SFEDIHHYR_43	4
WT_1	WT	VKDSEDVPMVLVGNK_0	226
WT_1	WT	VKDSEDVPMVLVGNK_1	44
WT_1	WT	VKDSEDVPMVLVGNK_53.9	22
WT_1	WT	VKDSEDVPMVLVGNK_22	46
WT_1	WT	VKDSEDVPMVLVGNK_2	13
WT_1	WT	VKDSEDVPMVLVGNK_23	10
WT_1	WT	VKDSEDVPMVLVGNK_156.1	4
WT_1	WT	DSEDVPMVLVGNKCDLPSRTVDTK_227.2	17
WT_1	WT	VKDSEDVPMVLVGNKCDLPSR_32	5
WT_1	WT	VKDSEDVPMVLVGNKCDLPSR_0	114
WT_1	WT	VKDSEDVPMVLVGNKCDLPSR_1	5
WT_1	WT	VKDSEDVPMVLVGNKCDLPSR_53.9	16
WT_1	WT	VKDSEDVPMVLVGNKCDLPSR_-1	4
WT_1	WT	SFEDIHHYR_183	10
WT_1	WT	VKDSEDVPMVLVGNKCDLPSR_156.1	5
WT_1	WT	MTEYKLVVVGAGGVGK_103	10
WT_1	WT	VKDSEDVPMVLVGNK_37.9	41
WT_1	WT	VKDSEDVPMVLVGNK_6	2
WT_1	WT	VKDSEDVPMVLVGNK_38	15
WT_1	WT	VKDSEDVPMVLVGNK_-17	15
WT_1	WT	VKDSEDVPMVLVGNK_24	17
WT_1	WT	VKDSEDVPMVLVGNK_0.1	5
WT_1	WT	VKDSEDVPMVLVGNK_-35	12
WT_1	WT	VKDSDDVPMVLVGNK_36	2
WT_1	WT	DSEDVPMVLVGNK_0	83
WT_1	WT	VKDSEDVPMVLVGNK_-18	6
WT_1	WT	VKDSEDVPMVLVGNK_-99.1	4
WT_1	WT	YDPTIEDSYRK_490.2	8
WT_1	WT	DSEDVPMVLVGNK_251.1	2
WT_1	WT	VKDSEDVPMVLVGNK_-0.2	4
WT_1	WT	VKDSEDVPMVLVGNK_57	8
WT_1	WT	VKDSEDVPMVLVGNKCDLPSR_-25	63
WT_1	WT	VKDSEDVPMVLVGNKCDLPSR_-9	42
WT_1	WT	VKDSEDVPMVLVGNKCDLPSR_28.9	11
WT_1	WT	VKDSEDVPMVLVGNKCDLPSR_138	12
WT_1	WT	VKDSEDVPMVLVGNKCDLPSR_-57	43
WT_1	WT	VKDSEDVPMVLVGNKCDLPSR_37.9	20
WT_1	WT	VKDSEDVPMVLVGNKCDLPSR_22	15
WT_1	WT	VKDSEDVPMVLVGNKCDLPSR_7	5
WT_1	WT	VKDSEDVPMVLVGNKCDLPSR_21.9	10
WT_1	WT	VKDSEDVPMVLVGNKCDLPSR_3	17
WT_1	WT	VKDSEDVPMVLVGNKCDLPSR_38	7
WT_1	WT	VKDSEDVPMVLVGNKCDLPSR_8	2
WT_1	WT	VKDSEDVPMVLVGNKCDLPSR_23	7
WT_1	WT	VKDSEDVPMVLVGNKCDLPSR_4	5
WT_1	WT	VKDSEDVPMVLVGNKCDLPSR_15	10
WT_1	WT	VKDSEDVPMVLVGNKCDLPSR_52.9	2
WT_1	WT	VKDSEDVPMVLVGNKCDLPSR_24	4
WT_1	WT	VKDSEDVPMVLVGNKCDLPSR_248	5
WT_1	WT	VKDSEDVPMVLVGNKCDLPSR_284.1	5
WT_1	WT	VKDSEDVPMVLVGNKCDLPSR_79	4
WT_1	WT	VKDSEDVPMVLVGNKCDLPSR_93	34
WT_1	WT	TRQGVDDAFYTLVR_8	2
WT_1	WT	VKDSEDVPMVLVGNKCDLPSR_-14	2
WT_1	WT	MTEYKLVVVGAGGVGK_87	27
WT_1	WT	TEYKLVVVGAGGVGK_219.1	4
WT_1	WT	DSEDVPMVLVGNK_227.2	10
WT_1	WT	VKDSEDVPMVLVGNK_43	20
WT_1	WT	VKDSEDVPMVLVGNKCDLPSR_167	2
WT_1	WT	VKDSEDVPMVLVGNKCDLPSR_95	4
WT_1	WT	VKDSEDVPMVLVGNKCDLPSR_139	2
WT_1	WT	VKDSEDVPMVLVGNKCDLPSR_175.9	2
WT_1	WT	MTEYKLVVVGAGGVGK_45	12
WT_1	WT	VKDSEDVPMVLVGNKCDLPSR_12.9	27
WT_1	WT	VKDSEDVPMVLVGNKCDLPSR_-3.1	5
WT_1	WT	VKDSEDVPMVLVGNKCDLPSR_-2.1	4
WT_1	WT	VKDSEDVPMVLVGNKCDLPSR_-3	2
WT_1	WT	VKDSEDVPMVLVGNKCDLPSR_-8	5
WT_1	WT	VKDSEDVPMVLVGNKCDLPSR_-0.1	2
WT_1	WT	YDPTIEDSYR_490.2	8
WT_1	WT	DSEDVPMVLVGNKCDLPSR_-9	7
WT_1	WT	VKDSEDVPMVLVGNKCDLPSR_92.9	5
WT_1	WT	VKDSEDVPMVLVGNKCDLPSR_6.9	8
WT_1	WT	SYGIPFIETSAKTR_0	29
WT_1	WT	DSEDVPMVLVGNKCDLPSR_0	35
WT_1	WT	VKDSEDVPMVLVGNK_-128.1	2
WT_1	WT	DSEDVPMVLVGNK_22	27
WT_1	WT	DSEDVPMVLVGNK_21.9	4
WT_1	WT	DSEDVPMVLVGNK_24	5
WT_1	WT	DSEDVPMVLVGNKCDLPSR_15	2
WT_1	WT	TRQGVDDAFYTLVR_0	80
WT_1	WT	TRQGVDDAFYTLVR_37.9	13
WT_1	WT	TRQGVDDAFYTLVR_1	10
WT_1	WT	VKDSEDVPMVLVGNKCDLPSR_109	14
WT_1	WT	TRQGVDDAFYTLVR_22	6
WT_1	WT	TRQGVEDAFYTLVR_23.9	2
WT_1	WT	TRQGVDDAFYTLVR_2	7
WT_1	WT	TRQGVDDAFYTLVR_-18	18
WT_1	WT	TRQGVDDAFYTLVR_38	8
WT_1	WT	VKDSEDVPMVLVGNKCDLPSR_111	2
WT_1	WT	TRQGVDDAFYTLVR_0.1	3
WT_1	WT	VKDSEDVPMVLVGNKCDLPSR_108	2
WT_1	WT	VKDSEDVPMVLVGNKCDLPSR_146.9	2
WT_1	WT	QRVEDAFYTLVR_197	3
WT_1	WT	VKDSEDVPMVLVGNKCDLPSR_165	2
WT_1	WT	VKDSEDVPMVLVGNK_45	2
WT_1	WT	LVVVGAGGVGK_43	10
WT_1	WT	VKDSEDVPMVLVGNKCDLPSR_77	12
WT_1	WT	VKDSEDVPMVLVGNKCDLPSR_78	2
WT_1	WT	DSEDVPMVLVGNKCDLPSR_-25	24
WT_1	WT	SALTIQLIQNHFVDEYDPTIEDSYRK_0	769
WT_1	WT	VEDAFYTLVR_-14	6
WT_1	WT	SYGIPFIETSAK_0	158
WT_1	WT	TGEGFLCVFAINNTK_218.1	5
WT_1	WT	DSEDVPMVLVGNKCDLPSR_93	5
WT_1	WT	DSEDVPMVLVGNKCDLPSR_92.9	2
WT_1	WT	TGEGFLCVFAINNTK_408.1	5
WT_1	WT	SYGIPYIETSAK_22	4
WT_1	WT	SYGIPFIETSAK_2	21
WT_1	WT	SYGIPYIETSAK_6	2
WT_1	WT	QGVDDAFYTLVR_0	93
WT_1	WT	SYGIPFIETSAK_24	7
WT_1	WT	SYGIPFIETSAK_-18	4
WT_1	WT	SYGIPFIETSAK_-4	24
WT_1	WT	SYGIPFIETSAK_362.2	2
WT_1	WT	SYGIPFIETSAK_22	5
WT_1	WT	TGEGFLCVFAINNTKSFEDIHHYREQIK_156.1	8
WT_1	WT	TGEGFLCVFAINNTKSFEDIHQYREQIK_165.1	2
WT_1	WT	SYGIPFIETSAK_3	3
WT_1	WT	DSEDVPMVLVGNKCDLPSR_109	3
WT_1	WT	SYGIPFIETSAK_14	2
WT_1	WT	SYGIPFIETSAK_57	14
WT_1	WT	QGVDDAFYTLVR_57	3
WT_1	WT	QGVDDAFYTLVR_37.9	17
WT_1	WT	QGVEDAFYTLVR_8	5
WT_1	WT	QGVDDAFYTLVR_3	5
WT_1	WT	QGVEDAFYTLVR_7.9	2
WT_1	WT	QGVDDAFYTLVR_38	4
WT_1	WT	QGVDDAFYTLVR_-17	46
WT_1	WT	QGVDDAFYTLVR_-18	22
WT_1	WT	QGVDDAFYTLVR_53.9	6
WT_1	WT	QGVDDAFYTLVR_5	27
WT_1	WT	QGVDDAFYTLVR_22	7
WT_1	WT	QGVDDAFYTLVR_4	2
WT_1	WT	QGVEDAFYTLVR_6.9	5
WT_1	WT	QGVDDAFYTLVR_-36	2
WT_1	WT	QGVDDAFYTLVR_-35	2
WT_1	WT	QGVEDAFYTLVR_39.9	2
WT_1	WT	QGVDDAFYTLVR_-128.1	4
WT_1	WT	TGEGFLCVFAINNTK_149	2
WT_1	WT	QGVEDAFYTLVR_23.9	9
WT_1	WT	TGEGFLCVFAINNTKSFEDIHHYR_-1	3
WT_1	WT	TGEGFLCVFAINNTKSFEDIHHYR_0	6
WT_1	WT	SALTIQLIQNHFVDEYDPTIEDSYRK_1	84
WT_1	WT	SALTIQLIQNHFVDEYDPTIEDSYRK_38.9	17
WT_1	WT	SALTIQLIQNHFVDEYDPTIEDSYRK_3	12
WT_1	WT	QGVDDAFYTLVR_1	5
WT_1	WT	SALTIQLIQNHFVDEYDPTIEDSYR_128.1	19
WT_1	WT	TGEGFLCVFAINNTK_301.1	9
WT_1	WT	SALTIQLIQNHFVDEYDPTIEDSYRK_-17	22
WT_1	WT	SALTIQLIQNHFVDEYDPTIEDSYRK_20.9	5
WT_1	WT	TRQGVDDAFYTLVREIR_0	2
WT_1	WT	SALTIQLIQNHFVDEYDPTIEDSYRK_37.9	58
WT_1	WT	SALTIQLIQNHFVDEYDPTIEDSYRK_38	23
WT_1	WT	SALTIQLIQNHFVDEYDPTIEDSYRK_22	43
WT_1	WT	SALTIQLIQNHFVDEYDPTIEDSYRK_24	11
WT_1	WT	SALTIQLIQNHFVDEYDPTIEDSYRK_23	34
WT_1	WT	SALTIQLIQNHFVDEYDPTIEDSYRK_53.9	17
WT_1	WT	SALTIQLIQNHFVDEYDPTIEDSYRK_59.9	5
WT_1	WT	YDPTIEDSYRK_244.1	6
WT_1	WT	SALTIQLIQNHFVDEYDPTIEDSYRK_39	4
WT_1	WT	SALTIQLIQNHFVDEYDPTIEDSYRK_2	2
WT_1	WT	SALTIQLIQNHFVDEYDPTIEDSYRK_-18	15
WT_1	WT	SALTIQLIQNHFVDEYDPTIEDSYRK_60.9	2
WT_1	WT	SALTIQLIQNHFVDEYDPTIEDSYRK_52.9	5
WT_1	WT	SALTIQLIQNHFVDEYDPTIEDSYRK_91.9	2
WT_1	WT	SALTIQLIQNHFVDEYDPTIEDSYRK_16	37
WT_1	WT	SALTIQLIQNHFVDEYDPTIEDSYRK_4	8
WT_1	WT	SALTIQLIQNHFVDEYDPTIEDSYRK_32	9
WT_1	WT	QGVDDAFYTLVR_-0.9	5
WT_1	WT	SALTIQLIQNHFVDEYDPTIEDSYRK_80	17
WT_1	WT	TGEGFLCVFAINNTK_16	20
WT_1	WT	TGEGFLCVFAINNTK_109	79
WT_1	WT	SALTIQLIQNHFVDEYDPTIEDSYR_1	45
WT_1	WT	SALTIQLIQNHFVDEYDPTIEDSYR_38.9	8
WT_1	WT	TGEGFLCVFAINNTK_17	49
WT_1	WT	TGEGFLCVFAINNTK_43	12
WT_1	WT	TGEGFLCVFAINNTK_-57	59
WT_1	WT	TGEGFLCVFAINNTK_0	202
WT_1	WT	TGEGFLCVFAINNTK_22	15
WT_1	WT	TGEGFLCVFAINNTK_62	8
WT_1	WT	TGEGFLCVFAINNTK_24	15
WT_1	WT	TGEGFLCVFAINNTK_53.9	7
WT_1	WT	TGEGFLCVFAINNTK_37.9	5
WT_1	WT	TGEGFLCVFAINNTK_23	2
WT_1	WT	TGEGFLCVFAINNTK_-1	6
WT_1	WT	TGEGFLCVFAINNTK_15	10
WT_1	WT	TGEGFLCVFAINNTK_248	23
WT_1	WT	SYGIPFIETSAK_43	7
WT_1	WT	TGEGFLCVFAINNTK_248.1	3
WT_1	WT	TGEGFLCVFAINNTK_270	2
WT_1	WT	TGEGFLCVFAINNTK_108.9	4
WT_1	WT	TGEGFLCVFAINNTK_-9	46
WT_1	WT	TGEGFLCVFAINNTK_79	19
WT_1	WT	TGEGFLCVFAINNTK_125	19
WT_1	WT	SALTIQLIQNHFVDEYDPTIEDSYRK_-1	6
WT_1	WT	QGVDDAFYTLVR_-0.1	2
WT_1	WT	SALTIQLIQNHFVDEYDPTIEDSYR_-17	5
WT_1	WT	SALTIQLIQNHFVDEYDPTIEDSYR_0	202
WT_1	WT	SALTIQLIQNHFVDEYDPTIEDSYR_22	35
WT_1	WT	SALTIQLIQNHFVDEYDPTIEDSYR_37.9	42
WT_1	WT	SALTIQLIQNHFVDEYDPTIEDSYR_23	32
WT_1	WT	SALTIQLIQNHFVDEYDPTIEDSYR_38	12
WT_1	WT	SALTIQLIQNHFVDEYDPTIEDSYR_24	13
WT_1	WT	SALTIQLIQNHFVDEYDPTIEDSYR_53.9	22
WT_1	WT	TGEGFLCVFAINNTK_25	8
WT_1	WT	SALTIQLIQNHFVDEYDPTIEDSYR_22.9	4
WT_1	WT	SALTIQLIQNHFVDEYDPTIEDSYR_3	19
WT_1	WT	SALTIQLIQNHFVDEYDPTIEDSYR_59.9	4
WT_1	WT	TGEGFLCVFAINNTK_128	5
WT_1	WT	SALTIQLIQNHFVDEYDPTIEDSYR_-1.1	8
WT_1	WT	TGEGFLCVFAINNTK_184	5
WT_1	WT	TGEGFLCVFAINNTK_93	68
WT_1	WT	SALTIQLIQNHFVDEYDPTIEDSYR_-9.2	9
WT_1	WT	TGEGFLCVFAINNTK_7	8
WT_1	WT	TGEGFLCVFAINNTK_44.9	81
WT_1	WT	TGEGFLCVFAINNTK_-14	6
WT_1	WT	TGEGFLCVFAINNTK_1	8
WT_1	WT	TGEGFLCVFAINNTK_80	11
WT_1	WT	TGEGFLCVFAINNTK_225	5
WT_1	WT	TGEGFLCVFAINNTK_167	27
WT_1	WT	TGEGFLCVFAINNTK_168	15
WT_1	WT	TGEGFLCVFAINNTK_153	9
WT_1	WT	TGEGFLCVFAINNTK_277	8
WT_1	WT	TGEGFLCVFAINNTK_228	8
WT_1	WT	TGEGFLCVFAINNTK_32	7
WT_1	WT	TGEGFLCVFAINNTK_77	28
WT_1	WT	SYGIPFIETSAKTRQGVDDAFYTLVR_0	9
WT_1	WT	TGEGFLCVFAINNTK_152	12
WT_1	WT	TGEGFLCVFAINNTK_172	5
WT_1	WT	TGEGFLCVFAINNTK_47	4
WT_1	WT	TGEGFLCVFAINNTK_95	4
WT_1	WT	TGEGFLCVFAINNSK_-3	8
WT_1	WT	TGEGFLCVFAINNTK_138	25
WT_1	WT	TGEGFLCVFAINNTK_-35	3
WT_1	WT	TGEGFLCVFAINNTK_161.9	4
WT_1	WT	TGEGFLCVFAINNTK_160	5
WT_1	WT	TGEGFLCVFAINNTK_319	5
WT_1	WT	TGEGFLCVFAINNTK_304	7
WT_1	WT	TGEGFLCVFAINNTK_177	15
WT_1	WT	TGEGFLCVFAINNTK_305	5
WT_1	WT	TGEGFLCVFAINNTK_320	2
WT_1	WT	TGEGFLCVFAINNTK_13	6
WT_1	WT	QGVDDAFYTLVR_43	4
WT_1	WT	TGEGFLCVFAINNTK_-2	4
WT_1	WT	TGEGFLCVFAINNTK_290	5
WT_1	WT	QGVEDAFYTLVR_22.9	5
WT_1	WT	QGVDDAFYTLVREIR_0	21
WT_1	WT	QGVDDAFYTLVR_6.9	4
WT_1	WT	TGEGFLCVFAINNTK_127	9
WT_1	WT	TGEGFLCVFAINNTK_96	12
WT_1	WT	TGEGFLCVFAINNTK_61	7
WT_1	WT	QGVDDAFYTLVR_7	4
WT_1	WT	QGVEDAFYTLVR_21.9	5
WT_1	WT	TGEGFLCVFAINNTK_116.9	12
WT_1	WT	TGEGFLCVFAINNTK_35	10
WT_1	WT	TGEGFLCVFAINNTK_244.9	5
WT_1	WT	TGEGFLCVFAINNTK_245	39
WT_1	WT	TGEGFLCVFAINNTK_114.9	2
WT_1	WT	TGEGFLCVFAINNTK_151	10
WT_1	WT	TGEGFLCVFAINNTK_118	2
WT_1	WT	TGEGFLCVFAINNTK_179	15
WT_1	WT	SALTIQLIQNHFVDEYDPTIEDSYRK_43	10
WT_1	WT	TGEGFLCVFAINNTK_131	4
WT_1	WT	TGEGFLCVFAINNTK_112	9
WT_1	WT	TGEGFLCVFAINNTK_133	2
WT_1	WT	TGEGFLCVFAINNTK_165	8
WT_1	WT	TGEGFLCVFAINNTK_227.9	7
WT_1	WT	TGEGFLCVFAINNTK_229	27
WT_1	WT	KQVVIDGETCLLDILDTAGQEEYSAMRDQYMR_0	61
WT_1	WT	TGEGFLCVFAINNTK_193	5
WT_1	WT	TGEGFLCVFAINNTK_45	5
WT_1	WT	TGEGFLCVFAINNTK_92.9	9
WT_1	WT	TGEGFLCVFAINNTK_293	2
WT_1	WT	KQVVIDGETCLLDILDTAGQEEYSAMRDQYMR_1	14
WT_1	WT	SALTIQLIQNHFVDEYDPTIEDSYR_-1	5
WT_1	WT	TGEGFLCVFAINNTK_28.9	141
WT_1	WT	TGEGFLCVFAINNTK_261	6
WT_1	WT	TGEGFLCVFAINNTK_264	5
WT_1	WT	TGEGFLCVFAINNTK_317	10
WT_1	WT	KQVVIDGETCLLDILDTAGQEEYSAMR_0	100
WT_1	WT	KQVVIDGETCLLDILDTAGQEEYSAMR_53.9	17
WT_1	WT	SALTIQLIQNHFVDEYDPTIEDSYRK_-2.1	2
WT_1	WT	QVVIDGETCLLDILDTAGQEEYSAMR_166.1	2
WT_1	WT	KQVVIDGETCLLDILDTAGQEEYSAMR_22	29
WT_1	WT	TGEGFLCVFAINNTK_141	13
WT_1	WT	KQVVIDGETCLLDILDTAGQEEYSAMR_4	2
WT_1	WT	KQVVIDGETCLLDILDTAGQEEYSAMR_22.9	3
WT_1	WT	KQVVIDGETCLLDILDTAGQEEYSAMR_23	20
WT_1	WT	KQVVIDGETCLLDILDTAGQEEYSAMR_-1	5
WT_1	WT	QVVIDGETCLLDILDTAGQEEYSAMR_166	2
WT_1	WT	TGEGFLCVFAINNTK_243.9	4
WT_1	WT	TGEGFLCVFAINNTK_159	5
WT_1	WT	TGEGFLCVFAINNTK_12.9	105
WT_1	WT	TGEGFLCVFAINNTK_14.9	7
WT_1	WT	TGEGFLCVFAINNTK_13.9	5
WT_1	WT	TGEGFLCVFAINNTK_-8	7
WT_1	WT	TGEGFLCVFAINNTK_30.9	2
WT_1	WT	QVVIDGETCLLDILDTAGQEEYSAMR_41	5
WT_1	WT	TGEGFLCVFAINNTK_-25	32
WT_1	WT	TGEGFLCVFAINNTK_193.1	7
WT_1	WT	TGEGFLCVFAINNTK_175	5
WT_1	WT	TGEGFLCVFAINNTK_-3	19
WT_1	WT	TGEGFLCVFAINNTK_-3.1	32
WT_1	WT	TGEGFLCVFAINNTK_174.9	4
WT_1	WT	TGEGFLCVFAINNTK_-2.1	3
WT_1	WT	TGEGFLCVFAINNTK_196.9	2
WT_1	WT	TGEGFLCVFAINNTK_-0.1	2
WT_1	WT	TGEGFLCVFAINNTK_143	12
WT_1	WT	TGEGFLCVFAINNTK_164.9	8
WT_1	WT	TGEGFLCVFAINNTK_180.9	24
WT_1	WT	QVVIDGETCLLDILDTAGQEEYSAMR_144.1	4
WT_1	WT	TGEGFLCVFAINNTK_144	4
WT_1	WT	TGEGFLCVFAINNTK_-9.1	4
WT_1	WT	TGEGFLCVFAINNTK_221	6
WT_1	WT	TGEGFLCVFAINNTK_249.1	14
WT_1	WT	QVVIDGETCLLDILDTAGQEEYSAMRDQYMR_0	74
WT_1	WT	KQVVIDGETCLLDILDTAGQEEYSAMR_15	10
WT_1	WT	QVVIDGETCLLDILDTAGQEEYSAMRDQYMR_22	17
WT_1	WT	KQVVIDGETCLLDILDTAGQEEYSAMR_37.9	10
WT_1	WT	QVVIDGETCLLDILDTAGQEEYSAMR_71.1	10
WT_1	WT	KQVVIDGETCLLDILDTAGQEEYSAMR_38	15
WT_1	WT	KQVVIDGETCLLDILDTAGQEEYSAMR_2	15
WT_1	WT	TGEGFLCVFAINNTK_22.9	2
WT_1	WT	KQVVIDGETCLLDILDTAGQEEYSAMR_1	18
WT_1	WT	KQVVIDGETCLLDILDTAGQEEYSAMR_24	19
WT_1	WT	QVVIDGETCLLDILDTAGQEEYSAMRDQYMR_166	2
WT_1	WT	TGEGFLCVFAINNTK_6.9	10
WT_1	WT	KQVVIDGETCLLDILDTAGQEEYSAMRDQYMR_37.9	4
WT_1	WT	QVVIDGETCLLDILDTAGQEEYSAMR_15	4
WT_1	WT	QVVIDGETCLLDILDTAGQEEYSAMRDQYMR_269.2	2
WT_1	WT	QVVIDGETCLLDILDTAGQEEYSAMR_128.1	10
WT_1	WT	QVVIDGETCLLDILDTAGQEEYSAMR_103.1	5
WT_1	WT	QVVIDGETCLLDILDTAGQEEYSAMR_0	47
WT_1	WT	QVVIDGETCLLDILDTAGQEEYSAMR_53.9	8
WT_1	WT	QVVIDGETCLLDILDTAGQEEYSAMR_22	20
WT_1	WT	QVVIDGETCLLDILDTAGQEEYSAMR_1	22
WT_1	WT	QVVIDGETCLLDILDTAGQEEYSAMR_23	8
WT_1	WT	QVVIDGETCLLDILDTAGQEEYSAMR_4	6
WT_1	WT	QVVIDGETCLLDILDTAGQEEYSAMR_24	5
WT_1	WT	KQVVIDGETCLLDILDTAGQEEYSAMR_138	6
WT_1	WT	QVVIDGETCLLDILDTAGQEEYSAMR_17	2
WT_1	WT	KQVVIDGETCLLDILDTAGQEEYSAMR_93	4
WT_1	WT	QVVIDGETCLLDILDTAGQEEYSAMRDQYMR_1	8
WT_1	WT	KQVVIDGETCLLDILDTAGQEEYSAMR_109	4
WT_1	WT	QVVIDGETCLLDILDTAGQEEYSAMRDQYMR_-1.8	2
WT_1	WT	QVVIDGETCLLDILDTAGQEEYSAMRDQYMR_37.9	3
WT_1	WT	QVVIDGETCLLDILDTAGQEEYSAMR_-9	6
WT_1	WT	QVVIDGETCLLDILDTAGQEEYSAMR_37.9	2
WT_1	WT	QVVIDGETCLLDILDTAGQEEYSAMR_93	4
WT_1	WT	QVVIDGETCLLDILDTAGQEEYSAMR_7	3
WT_1	WT	QVVIDGETCLLDILDTAGQEEYSAMRDQYMR_-17	15
WT_1	WT	QVVIDGETCLLDILDTAGQEEYSAMR_138	5
WT_1	WT	QVVIDGETCLLDILDTAGQEEYSAMR_-57	2
WT_1	WT	QVVIDGETCLLDILDTAGQEEYSAMR_-17	27
WT_1	WT	SALTIQLIQNHFVDEYDPTIEDSYR_1.8	2
WT_1	WT	QVVIDGETCLLDILDTAGQEEYSAMR_-16	3
WT_1	WT	QVVIDGETCLLDILDTAGQEEYSAMR_-42.1	2
WT_1	WT	TVDTKQAQDLAR_37.9	2
WT_1	WT	SFEDIHHYR_38	2
WT_1	WT	SFEDIHHYR_22	2
WT_1	WT	SFEDIHHYR_1	2
WT_1	WT	SFEDIHHYREQIKR_1	2
WT_1	WT	LVVVGAGGVGK_53.9	2
WT_1	WT	LVVVGAGGVGK_24	3
WT_1	WT	MTEYKLVVVGAGGVGK_61	2
WT_1	WT	VKDSEDVPMVLVGNK_-145.1	3
WT_1	WT	VKDSDDVPMVLVGNK_38	2
WT_1	WT	VKDSEDVPMVLVGNK_52.9	3
WT_1	WT	VKDSEDVPMVLVGNK_21.9	2
WT_1	WT	LVVVGAGGVGK_-0.1	3
WT_1	WT	VKDSEDVPMVLVGNKCDLPSR_13	2
WT_1	WT	VKDSEDVPMVLVGNKCDLPSR_-7	2
WT_1	WT	VKDSEDVPMVLVGNKCDLPSR_6	2
WT_1	WT	VKDSEDVPMVLVGNKCDLPSR_248.1	2
WT_1	WT	VKDSEDVPMVLVGNKCDLPSR_487.2	2
WT_1	WT	VKDSEDVPMVLVGNKCDLPSR_487.3	3
WT_1	WT	TEYKLVVVGAGGVGK_220.1	2
WT_1	WT	DSEDVPMVLVGNK_-115	5
WT_1	WT	VKDSEDVPMVLVGNKCDLPSR_-25.1	2
WT_1	WT	VKDSEDVPMVLVGNKCDLPSR_-35.1	2
WT_1	WT	VKDSEDVPMVLVGNKCDLPSR_94	2
WT_1	WT	SYGIPFIETSAKTR_-0.1	2
WT_1	WT	DSEDVPMVLVGNK_37.9	3
WT_1	WT	DSEDVPMVLVGNK_38	2
WT_1	WT	DSEDVPMVLVGNK_6	3
WT_1	WT	DSEDVPMVLVGNK_23	2
WT_1	WT	DSEDVPMVLVGNKCDLPSR_1	5
WT_1	WT	TRQGVDDAFYTLVR_24	2
WT_1	WT	TRQGVEDAFYTLVR_39.9	2
WT_1	WT	TRQGVEDAFYTLVR_9.9	3
WT_1	WT	TRQGVDDAFYTLVR_-17	2
WT_1	WT	TGEGFLCVFAINNTK_409.1	2
WT_1	WT	SYGIPFIETSAK_37.9	2
WT_1	WT	TGEGFLCVFAINNTK_-27.1	2
WT_1	WT	TGEGFLCVFAINNTK_-27	2
WT_1	WT	SYGIPYIETSAK_37.9	3
WT_1	WT	SYGIPFIETSAK_38	2
WT_1	WT	QGVDDAFYTLVR_-128	2
WT_1	WT	TGEGFLCVFAINNTK_149.1	2
WT_1	WT	SALTIQLIQNHFVDEYDPTIEDSYRK_22.9	2
WT_1	WT	YDPTIEDSYRK_129	2
WT_1	WT	SALTIQLIQNHFVDEYDPTIEDSYRK_15	2
WT_1	WT	TGEGFLCVFAINNTK_-18	2
WT_1	WT	TGEGFLCVFAINNTK_55	2
WT_1	WT	TGEGFLCVFAINNTK_267.1	2
WT_1	WT	SALTIQLIQNHFVDEYDPTIEDSYR_75.9	2
WT_1	WT	SALTIQLIQNHFVDEYDPTIEDSYR_61.9	3
WT_1	WT	SALTIQLIQNHFVDEYDPTIEDSYR_60.9	2
WT_1	WT	TGEGFLCVFAINNTK_146.9	2
WT_1	WT	SALTIQLIQNHFVDEYDPTIEDSYR_-8.2	2
WT_1	WT	TGEGFLCVFAINNTK_199	2
WT_1	WT	TGEGFLCVFAINNTK_94	2
WT_1	WT	TGEGFLCVFAINNTK_78	2
WT_1	WT	TGEGFLCVFAINNTK_140	3
WT_1	WT	TGEGFLCVFAINNTK_-91	2
WT_1	WT	TGEGFLCVFAINNTK_170	2
WT_1	WT	TGEGFLCVFAINNTK_180	3
WT_1	WT	TGEGFLCVFAINNTK_33	5
WT_1	WT	TGEGFLCVFAINNTK_203	2
WT_1	WT	TGEGFLCVFAINNTK_198	3
WT_1	WT	TGEGFLCVFAINNTK_208	2
WT_1	WT	TGEGFLCVFAINNTK_226.9	2
WT_1	WT	KQVVIDGETCLLDILDTAGQEEYSAMRDQYMR_-1	2
WT_1	WT	TGEGFLCVFAINNTK_110	12
WT_1	WT	TGEGFLCVFAINNTK_164	2
WT_1	WT	KQVVIDGETCLLDILDTAGQEEYSAMR_38.9	2
WT_1	WT	KQVVIDGETCLLDILDTAGQEEYSAMR_26.1	2
WT_1	WT	TGEGFLCVFAINNTK_205	3
WT_1	WT	KQVVIDGETCLLDILDTAGQEEYSAMR_25.1	2
WT_1	WT	VKDSEDVPMVLVGNKCDLPSR_161.2	2
WT_1	WT	KQVVIDGETCLLDILDTAGQEEYSAMR_23.1	2
WT_1	WT	TGEGFLCVFAINNTK_230	2
WT_1	WT	TGEGFLCVFAINNTK_263.1	9
WT_1	WT	TGEGFLCVFAINNTK_263	2
WT_1	WT	KQVVIDGETCLLDILDTAGQEEYSAMR_-9	2
WT_1	WT	QVVIDGETCLLDILDTAGQEEYSAMRDQYMR_23	2
WT_1	WT	QVVIDGETCLLDILDTAGQEEYSAMRDQYMR_38.9	2
WT_1	WT	TGEGFLCVFAINNTK_23.9	2
WT_1	WT	KQVVIDGETCLLDILDTAGQEEYSAMR_36.9	2
WT_1	WT	KQVVIDGETCLLDILDTAGQEEYSAMR_59.9	2
WT_1	WT	KQVVIDGETCLLDILDTAGQEEYSAMR_3	2
WT_1	WT	KQVVIDGETCLLDILDTAGQEEYSAMRDQYMR_2	2
WT_1	WT	TGEGFLCVFAINNTK_266.1	2
WT_1	WT	QVVIDGETCLLDILDTAGQEEYSAMR_54	2
WT_1	WT	QVVIDGETCLLDILDTAGQEEYSAMR_75.9	2
WT_1	WT	QVVIDGETCLLDILDTAGQEEYSAMR_28.9	2
WT_1	WT	QVVIDGETCLLDILDTAGQEEYSAMR_38	2
WT_1	WT	QVVIDGETCLLDILDTAGQEEYSAMR_-12	2
WT_1	WT	QVVIDGETCLLDILDTAGQEEYSAMR_-3	2
WT_1	WT	QVVIDGETCLLDILDTAGQEEYSAMR_76.9	2
WT_1	WT	QVVIDGETCLLDILDTAGQEEYSAMR_20.9	2
WT_1	WT	QVVIDGETCLLDILDTAGQEEYSAMR_92	2
WT_2	WT	QAQDLAR_0	7
WT_2	WT	CDLPSRTVDTK_0	5
WT_2	WT	SFEDIHHYR_156.1	5
WT_2	WT	TVDTKQAQDLAR_0	8
WT_2	WT	TVDTKQAQDLAR_37.9	4
WT_2	WT	SFEDIHHYR_0	244
WT_2	WT	SFEDIHHYR_-87	21
WT_2	WT	SFEDIHHYR_37.9	5
WT_2	WT	SFEDIHHYR_-18	8
WT_2	WT	SFEDIHHYR_22	2
WT_2	WT	SFEDIHHYR_3	2
WT_2	WT	SFEDIHHYR_24	2
WT_2	WT	LVVVGAGGVGK_128.1	6
WT_2	WT	SFEDIHHYREQIKR_0	58
WT_2	WT	SFEDIHHYREQIKR_24	2
WT_2	WT	SFEDIHHYREQIKR_-87	2
WT_2	WT	SFEDIHHYREQIKR_2	3
WT_2	WT	YDPTIEDSYRK_0	8
WT_2	WT	VKDSEDVPMVLVGNK_-48	5
WT_2	WT	SFEDIHHYREQIK_0	13
WT_2	WT	SFEDIHHYREQIK_1	2
WT_2	WT	RVKDSEDVPMVLVGNK_0	42
WT_2	WT	CDLPSRTVDTKQAQDLAR_0	10
WT_2	WT	LVVVGAGGVGK_0	82
WT_2	WT	LVVVGAGGVGK_-18	8
WT_2	WT	LVVVGAGGVGK_24	4
WT_2	WT	LVVVGAGGVGK_340.2	8
WT_2	WT	SFEDIHHYR_43	5
WT_2	WT	VKDSEDVPMVLVGNK_0	243
WT_2	WT	VKDSEDVPMVLVGNK_2	9
WT_2	WT	VKDSEDVPMVLVGNK_1	39
WT_2	WT	VKDSEDVPMVLVGNK_23	12
WT_2	WT	VKDSEDVPMVLVGNK_22	46
WT_2	WT	VKDSEDVPMVLVGNK_38	10
WT_2	WT	VKDSEDVPMVLVGNK_53.9	29
WT_2	WT	YDPTIEDSYR_0	11
WT_2	WT	VKDSEDVPMVLVGNK_156.1	5
WT_2	WT	RVKDSEDVPMVLVGNK_37.9	2
WT_2	WT	LVVVGAGGVGK_1	2
WT_2	WT	DSEDVPMVLVGNKCDLPSRTVDTK_227.2	20
WT_2	WT	VKDSEDVPMVLVGNKCDLPSR_0	95
WT_2	WT	SFEDIHHYR_183	7
WT_2	WT	VKDSEDVPMVLVGNKCDLPSR_156.1	4
WT_2	WT	MTEYKLVVVGAGGVGK_103	6
WT_2	WT	VKDSEDVPMVLVGNK_37.9	34
WT_2	WT	VKDSEDVPMVLVGNK_21.9	5
WT_2	WT	VKDSEDVPMVLVGNK_-17	21
WT_2	WT	VKDSEDVPMVLVGNK_24	14
WT_2	WT	RVKDSDDVPMVLVGNK_-118.1	2
WT_2	WT	VKDSEDVPMVLVGNK_-145.1	5
WT_2	WT	VKDSEDVPMVLVGNK_-35	13
WT_2	WT	VKDSEDVPMVLVGNK_-18	9
WT_2	WT	DSEDVPMVLVGNK_0	74
WT_2	WT	VKDSEDVPMVLVGNK_-99.1	5
WT_2	WT	VKDSEDVPMVLVGNK_59.9	2
WT_2	WT	VKDSDDVPMVLVGNK_-4	3
WT_2	WT	YDPTIEDSYRK_490.2	13
WT_2	WT	VKDSEDVPMVLVGNK_75.9	2
WT_2	WT	VKDSEDVPMVLVGNK_-0.2	5
WT_2	WT	VKDSEDVPMVLVGNK_57	13
WT_2	WT	VKDSEDVPMVLVGNKCDLPSR_-25	53
WT_2	WT	VKDSEDVPMVLVGNKCDLPSR_12.9	17
WT_2	WT	VKDSEDVPMVLVGNKCDLPSR_-9	33
WT_2	WT	VKDSEDVPMVLVGNKCDLPSR_28.9	6
WT_2	WT	VKDSEDVPMVLVGNKCDLPSR_-57	23
WT_2	WT	VKDSEDVPMVLVGNKCDLPSR_37.9	28
WT_2	WT	VKDSEDVPMVLVGNKCDLPSR_-1	2
WT_2	WT	VKDSEDVPMVLVGNKCDLPSR_23	10
WT_2	WT	VKDSEDVPMVLVGNKCDLPSR_3	12
WT_2	WT	VKDSEDVPMVLVGNKCDLPSR_22	10
WT_2	WT	VKDSEDVPMVLVGNKCDLPSR_6	6
WT_2	WT	VKDSEDVPMVLVGNKCDLPSR_7	7
WT_2	WT	VKDSEDVPMVLVGNKCDLPSR_284.1	10
WT_2	WT	VKDSEDVPMVLVGNKCDLPSR_1	13
WT_2	WT	VKDSEDVPMVLVGNKCDLPSR_21.9	2
WT_2	WT	VKDSEDVPMVLVGNKCDLPSR_53.9	2
WT_2	WT	VKDSEDVPMVLVGNKCDLPSR_38	6
WT_2	WT	VKDSEDVPMVLVGNKCDLPSR_8	2
WT_2	WT	VKDSEDVPMVLVGNKCDLPSR_15	13
WT_2	WT	VKDSEDVPMVLVGNKCDLPSR_248	7
WT_2	WT	VKDSEDVPMVLVGNKCDLPSR_79	4
WT_2	WT	VKDSEDVPMVLVGNKCDLPSR_487.3	5
WT_2	WT	MTEYKLVVVGAGGVGK_87	32
WT_2	WT	TEYKLVVVGAGGVGK_218.1	4
WT_2	WT	DSEDVPMVLVGNK_227.2	8
WT_2	WT	VKDSEDVPMVLVGNK_43	13
WT_2	WT	VKDSEDVPMVLVGNKCDLPSR_95	6
WT_2	WT	MTEYKLVVVGAGGVGK_45	16
WT_2	WT	DSEDVPMVLVGNK_-115	4
WT_2	WT	VKDSEDVPMVLVGNKCDLPSR_138	10
WT_2	WT	DSEDVPMVLVGNKCDLPSRTVDTK_0	2
WT_2	WT	VKDSEDVPMVLVGNKCDLPSR_-3.1	4
WT_2	WT	VKDSEDVPMVLVGNKCDLPSR_-8	3
WT_2	WT	YDPTIEDSYR_490.2	6
WT_2	WT	VKDSEDVPMVLVGNKCDLPSR_93	21
WT_2	WT	VKDSEDVPMVLVGNKCDLPSR_92.9	5
WT_2	WT	VKDSEDVPMVLVGNKCDLPSR_94	2
WT_2	WT	SYGIPFIETSAKTR_0	35
WT_2	WT	VKDSEDVPMVLVGNKCDLPSR_6.9	13
WT_2	WT	SYGIPFIETSAKTR_1	2
WT_2	WT	DSEDVPMVLVGNKCDLPSR_0	30
WT_2	WT	DSEDVPMVLVGNK_37.9	7
WT_2	WT	DSEDVPMVLVGNK_21.9	4
WT_2	WT	DSEDVPMVLVGNK_22	21
WT_2	WT	DSEDVPMVLVGNK_24	13
WT_2	WT	DSEDVPMVLVGNK_23	3
WT_2	WT	VKDSEDVPMVLVGNK_-128.1	5
WT_2	WT	DSEDVPMVLVGNK_6	5
WT_2	WT	DSEDVPMVLVGNK_53.9	2
WT_2	WT	TRQGVDDAFYTLVR_0	80
WT_2	WT	TRQGVDDAFYTLVR_1	13
WT_2	WT	TRQGVDDAFYTLVR_37.9	12
WT_2	WT	VKDSEDVPMVLVGNKCDLPSR_109	8
WT_2	WT	TRQGVDDAFYTLVR_22	8
WT_2	WT	TRQGVDDAFYTLVR_38	15
WT_2	WT	TRQGVDDAFYTLVR_24	10
WT_2	WT	TRQGVEDAFYTLVR_39.9	2
WT_2	WT	TRQGVDDAFYTLVR_0.1	4
WT_2	WT	TRQGVDDAFYTLVR_2	7
WT_2	WT	TRQGVDDAFYTLVR_-18	13
WT_2	WT	TRQGVDDAFYTLVR_-17	3
WT_2	WT	LVVVGAGGVGK_43	6
WT_2	WT	VKDSEDVPMVLVGNKCDLPSR_77	8
WT_2	WT	DSEDVPMVLVGNKCDLPSR_-25	14
WT_2	WT	DSEDVPMVLVGNKCDLPSR_-25.1	2
WT_2	WT	DSEDVPMVLVGNKCDLPSR_-9	2
WT_2	WT	DSEDVPMVLVGNKCDLPSR_-8	2
WT_2	WT	SALTIQLIQNHFVDEYDPTIEDSYRK_0	480
WT_2	WT	VEDAFYTLVR_-14	8
WT_2	WT	SYGIPFIETSAK_0	133
WT_2	WT	TGEGFLCVFAINNTK_218.1	6
WT_2	WT	DSEDVPMVLVGNKCDLPSR_93	4
WT_2	WT	TGEGFLCVFAINNTK_408.2	5
WT_2	WT	SYGIPFIETSAK_2	24
WT_2	WT	TGEGFLCVFAINNTK_-27	9
WT_2	WT	SYGIPFIETSAK_22	12
WT_2	WT	SYGIPFIETSAK_24	4
WT_2	WT	TVDTKQAQDLARSYGIPFIETSAK_257.1	5
WT_2	WT	SYGIPYIETSAK_37.9	6
WT_2	WT	SYGIPFIETSAK_53.9	4
WT_2	WT	TGEGFLCVFAINNTK_-27.1	2
WT_2	WT	SYGIPFIETSAK_-18	5
WT_2	WT	TGEGFLCVFAINNTKSFEDIHHYREQIK_156.1	11
WT_2	WT	SYGIPFIETSAK_-4	17
WT_2	WT	SYGIPFIETSAK_14	5
WT_2	WT	SYGIPFIETSAK_57	9
WT_2	WT	TGEGFLCVFAINNTKSFEDIHHYREQIK_99.1	2
WT_2	WT	TRQGVDDAFYTLVREIR_128.1	4
WT_2	WT	SYGIPYIETSAK_0	2
WT_2	WT	TGEGFLCVFAINNTK_0	233
WT_2	WT	QGVDDAFYTLVR_0	98
WT_2	WT	QGVDDAFYTLVR_37.9	25
WT_2	WT	QGVEDAFYTLVR_8	7
WT_2	WT	QGVDDAFYTLVR_24	2
WT_2	WT	QGVDDAFYTLVR_22	4
WT_2	WT	QGVDDAFYTLVR_-17	40
WT_2	WT	QGVDDAFYTLVR_-18	21
WT_2	WT	QGVDDAFYTLVR_53.9	8
WT_2	WT	QGVDDAFYTLVR_5	32
WT_2	WT	QGVDDAFYTLVR_4	4
WT_2	WT	QGVEDAFYTLVR_10	2
WT_2	WT	QGVDDAFYTLVR_-35	4
WT_2	WT	TGEGFLCVFAINNTK_149.1	5
WT_2	WT	QGVDDAFYTLVR_3	2
WT_2	WT	QGVDDAFYTLVR_-128.1	4
WT_2	WT	QGVEDAFYTLVR_23.9	8
WT_2	WT	QGVDDAFYTLVR_38	4
WT_2	WT	TGEGFLCVFAINNTKSFEDIHHYR_0	13
WT_2	WT	SALTIQLIQNHFVDEYDPTIEDSYRK_1	60
WT_2	WT	SALTIQLIQNHFVDEYDPTIEDSYRK_38.9	15
WT_2	WT	SALTIQLIQNHFVDEYDPTIEDSYRK_24	10
WT_2	WT	SALTIQLIQNHFVDEYDPTIEDSYRK_3	12
WT_2	WT	SALTIQLIQNHFVDEYDPTIEDSYRK_17.9	5
WT_2	WT	QGVDDAFYTLVR_1	4
WT_2	WT	SALTIQLIQNHFVDEYDPTIEDSYRK_18	4
WT_2	WT	SALTIQLIQNHFVDEYDPTIEDSYRK_16	46
WT_2	WT	SALTIQLIQNHFVDEYDPTIEDSYR_128.1	22
WT_2	WT	SALTIQLIQNHFVDEYDPTIEDSYR_166	5
WT_2	WT	TGEGFLCVFAINNTK_301.1	8
WT_2	WT	SALTIQLIQNHFVDEYDPTIEDSYRK_-17	21
WT_2	WT	SALTIQLIQNHFVDEYDPTIEDSYRK_20.9	5
WT_2	WT	SALTIQLIQNHFVDEYDPTIEDSYRK_-18	31
WT_2	WT	TRQGVDDAFYTLVREIR_0	14
WT_2	WT	SALTIQLIQNHFVDEYDPTIEDSYRK_37.9	49
WT_2	WT	SALTIQLIQNHFVDEYDPTIEDSYRK_22	44
WT_2	WT	SALTIQLIQNHFVDEYDPTIEDSYRK_23	33
WT_2	WT	SALTIQLIQNHFVDEYDPTIEDSYRK_38	25
WT_2	WT	SALTIQLIQNHFVDEYDPTIEDSYRK_75.9	5
WT_2	WT	SALTIQLIQNHFVDEYDPTIEDSYRK_52.9	5
WT_2	WT	SALTIQLIQNHFVDEYDPTIEDSYRK_39	2
WT_2	WT	SALTIQLIQNHFVDEYDPTIEDSYRK_59.9	5
WT_2	WT	YDPTIEDSYRK_244.1	5
WT_2	WT	SALTIQLIQNHFVDEYDPTIEDSYRK_60.9	4
WT_2	WT	SALTIQLIQNHFVDEYDPTIEDSYRK_2	13
WT_2	WT	YDPTIEDSYRK_343.1	2
WT_2	WT	SALTIQLIQNHFVDEYDPTIEDSYRK_-35	2
WT_2	WT	SALTIQLIQNHFVDEYDPTIEDSYRK_-36	2
WT_2	WT	SALTIQLIQNHFVDEYDPTIEDSYRK_4	8
WT_2	WT	SALTIQLIQNHFVDEYDPTIEDSYRK_-105.1	2
WT_2	WT	SALTIQLIQNHFVDEYDPTIEDSYRK_-87	4
WT_2	WT	SALTIQLIQNHFVDEYDPTIEDSYRK_53.9	14
WT_2	WT	SALTIQLIQNHFVDEYDPTIEDSYRK_-105	3
WT_2	WT	SALTIQLIQNHFVDEYDPTIEDSYR_0	264
WT_2	WT	SALTIQLIQNHFVDEYDPTIEDSYRK_61.9	8
WT_2	WT	SYGIPFIETSAK_80	4
WT_2	WT	QGVDDAFYTLVREIRK_0	5
WT_2	WT	SALTIQLIQNHFVDEYDPTIEDSYRK_80	13
WT_2	WT	SALTIQLIQNHFVDEYDPTIEDSYRK_117.9	4
WT_2	WT	TGEGFLCVFAINNTK_16	20
WT_2	WT	SALTIQLIQNHFVDEYDPTIEDSYR_1	40
WT_2	WT	SALTIQLIQNHFVDEYDPTIEDSYR_38.9	15
WT_2	WT	TGEGFLCVFAINNTK_109	74
WT_2	WT	TGEGFLCVFAINNTK_43	17
WT_2	WT	TGEGFLCVFAINNTK_15	11
WT_2	WT	TGEGFLCVFAINNTK_-57	49
WT_2	WT	TGEGFLCVFAINNTK_22	18
WT_2	WT	TGEGFLCVFAINNTK_38	3
WT_2	WT	TGEGFLCVFAINNTK_24	13
WT_2	WT	TGEGFLCVFAINNTK_62	12
WT_2	WT	TGEGFLCVFAINNTK_37.9	15
WT_2	WT	TGEGFLCVFAINNTK_-17	5
WT_2	WT	TGEGFLCVFAINNTK_53.9	8
WT_2	WT	TGEGFLCVFAINNTK_-101	5
WT_2	WT	TGEGFLCVFAINNSK_-4	5
WT_2	WT	TGEGFLCVFAINNTK_-45	3
WT_2	WT	TGEGFLCVFAINNTK_-20.1	2
WT_2	WT	TGEGFLCVFAINNTK_-18	7
WT_2	WT	TGEGFLCVFAINNTK_-1	6
WT_2	WT	TGEGFLCVFAINNTK_-0.9	4
WT_2	WT	TGEGFLCVFAINNTK_361.3	2
WT_2	WT	SALTIQLIQNHFVDEYDPTIEDSYRK_183	13
WT_2	WT	TGEGFLCVFAINNTK_56	4
WT_2	WT	TGEGFLCVFAINNTK_55	3
WT_2	WT	TGEGFLCVFAINNTK_25	11
WT_2	WT	TGEGFLCVFAINNTK_248	20
WT_2	WT	SYGIPFIETSAK_43	4
WT_2	WT	TGEGFLCVFAINNTK_-9	31
WT_2	WT	TGEGFLCVFAINNTK_79	23
WT_2	WT	SALTIQLIQNHFVDEYDPTIEDSYR_-17	4
WT_2	WT	QGVDDAFYTLVR_-0.1	2
WT_2	WT	TGEGFLCVFAINNTK_125	11
WT_2	WT	TGEGFLCVFAINNTK_-2	7
WT_2	WT	SALTIQLIQNHFVDEYDPTIEDSYR_38	31
WT_2	WT	SALTIQLIQNHFVDEYDPTIEDSYR_37.9	77
WT_2	WT	SALTIQLIQNHFVDEYDPTIEDSYR_22.9	3
WT_2	WT	SALTIQLIQNHFVDEYDPTIEDSYR_22	43
WT_2	WT	SALTIQLIQNHFVDEYDPTIEDSYR_23	42
WT_2	WT	SALTIQLIQNHFVDEYDPTIEDSYR_75.9	12
WT_2	WT	SALTIQLIQNHFVDEYDPTIEDSYR_24	17
WT_2	WT	SALTIQLIQNHFVDEYDPTIEDSYR_53.9	24
WT_2	WT	SALTIQLIQNHFVDEYDPTIEDSYR_3	20
WT_2	WT	SALTIQLIQNHFVDEYDPTIEDSYR_59.9	13
WT_2	WT	SALTIQLIQNHFVDEYDPTIEDSYR_61.9	5
WT_2	WT	SALTIQLIQNHFVDEYDPTIEDSYR_-18	2
WT_2	WT	SALTIQLIQNHFVDEYDPTIEDSYR_-1.4	2
WT_2	WT	TGEGFLCVFAINNTK_184	10
WT_2	WT	TGEGFLCVFAINNTK_128	13
WT_2	WT	TGEGFLCVFAINNTK_93	76
WT_2	WT	TGEGFLCVFAINNTK_268.1	2
WT_2	WT	TGEGFLCVFAINNTK_-73	2
WT_2	WT	SALTIQLIQNHFVDEYDPTIEDSYR_-9.2	7
WT_2	WT	TGEGFLCVFAINNTK_-14	6
WT_2	WT	TGEGFLCVFAINNTK_199	2
WT_2	WT	TGEGFLCVFAINNTK_96	15
WT_2	WT	TGEGFLCVFAINNTK_1	11
WT_2	WT	TGEGFLCVFAINNTK_23.9	5
WT_2	WT	TGEGFLCVFAINNTK_80	17
WT_2	WT	TGEGFLCVFAINNTK_167	28
WT_2	WT	TGEGFLCVFAINNTK_168	21
WT_2	WT	TGEGFLCVFAINNTK_108.9	5
WT_2	WT	TGEGFLCVFAINNTK_152	10
WT_2	WT	SYGIPFIETSAKTRQGVDDAFYTLVR_0	23
WT_2	WT	TGEGFLCVFAINNTK_177	24
WT_2	WT	TGEGFLCVFAINNTK_32	8
WT_2	WT	TGEGFLCVFAINNTK_204.9	2
WT_2	WT	TGEGFLCVFAINNTK_228	4
WT_2	WT	SYGIPFIETSAKTRQGVDDAFYTLVR_37.9	4
WT_2	WT	SYGIPYIETSAKTRQGVEDAFYTLVR_7.9	2
WT_2	WT	TGEGFLCVFAINNTK_77	35
WT_2	WT	TGEGFLCVFAINNTK_153	2
WT_2	WT	TGEGFLCVFAINNTK_225	4
WT_2	WT	TGEGFLCVFAINNTK_94	2
WT_2	WT	TGEGFLCVFAINNTK_172	3
WT_2	WT	TGEGFLCVFAINNSK_-3	5
WT_2	WT	TGEGFLCVFAINNTK_95	11
WT_2	WT	TGEGFLCVFAINNTK_138	32
WT_2	WT	TGEGFLCVFAINNTK_-35	10
WT_2	WT	TGEGFLCVFAINNTK_175.9	2
WT_2	WT	TGEGFLCVFAINNTK_17	47
WT_2	WT	TGEGFLCVFAINNTK_39	2
WT_2	WT	TGEGFLCVFAINNTK_4	5
WT_2	WT	TGEGFLCVFAINNTK_-4.9	5
WT_2	WT	TGEGFLCVFAINNTK_304	4
WT_2	WT	QGVDDAFYTLVR_43	6
WT_2	WT	TGEGFLCVFAINNTK_320	2
WT_2	WT	TGEGFLCVFAINNTK_13	10
WT_2	WT	TGEGFLCVFAINNTK_46	2
WT_2	WT	KQVVIDGETCLLDILDTAGQEEYSAMR_57	2
WT_2	WT	TGEGFLCVFAINNTK_-91	5
WT_2	WT	TGEGFLCVFAINNTK_20	2
WT_2	WT	TGEGFLCVFAINNTK_290	4
WT_2	WT	QGVDDAFYTLVREIR_0	5
WT_2	WT	QGVEDAFYTLVR_22.9	5
WT_2	WT	QGVDDAFYTLVR_6.9	8
WT_2	WT	QGVEDAFYTLVR_6.9	5
WT_2	WT	TGEGFLCVFAINNTK_61	10
WT_2	WT	TGEGFLCVFAINNTK_127	4
WT_2	WT	QGVDDAFYTLVR_20.9	4
WT_2	WT	TGEGFLCVFAINNTK_170	6
WT_2	WT	TGEGFLCVFAINNTK_139	4
WT_2	WT	TGEGFLCVFAINNTK_151	35
WT_2	WT	TGEGFLCVFAINNTK_116.9	5
WT_2	WT	TGEGFLCVFAINNTK_179	10
WT_2	WT	SALTIQLIQNHFVDEYDPTIEDSYRK_43	14
WT_2	WT	TGEGFLCVFAINNTK_34	2
WT_2	WT	TGEGFLCVFAINNTK_131	2
WT_2	WT	SALTIQLIQNHFVDEYDPTIEDSYRK_80.9	2
WT_2	WT	TGEGFLCVFAINNTK_112	2
WT_2	WT	TGEGFLCVFAINNTK_165	20
WT_2	WT	TGEGFLCVFAINNTK_162.9	2
WT_2	WT	TGEGFLCVFAINNTK_228.9	5
WT_2	WT	TGEGFLCVFAINNTK_245	10
WT_2	WT	TGEGFLCVFAINNTK_244.9	7
WT_2	WT	TGEGFLCVFAINNTK_198	5
WT_2	WT	KQVVIDGETCLLDILDTAGQEEYSAMRDQYMR_0	86
WT_2	WT	TGEGFLCVFAINNTK_166	2
WT_2	WT	TGEGFLCVFAINNTK_45	6
WT_2	WT	TGEGFLCVFAINNTK_48	2
WT_2	WT	TGEGFLCVFAINNTK_100.9	5
WT_2	WT	TGEGFLCVFAINNTK_163	9
WT_2	WT	TGEGFLCVFAINNTK_7	7
WT_2	WT	TGEGFLCVFAINNTK_261	3
WT_2	WT	TGEGFLCVFAINNTK_110	5
WT_2	WT	TGEGFLCVFAINNTK_44.9	28
WT_2	WT	KQVVIDGETCLLDILDTAGQEEYSAMR_15	30
WT_2	WT	TGEGFLCVFAINNTK_164	2
WT_2	WT	TGEGFLCVFAINNTK_262	4
WT_2	WT	KQVVIDGETCLLDILDTAGQEEYSAMR_0	134
WT_2	WT	KQVVIDGETCLLDILDTAGQEEYSAMR_53.9	24
WT_2	WT	KQVVIDGETCLLDILDTAGQEEYSAMR_54	2
WT_2	WT	KQVVIDGETCLLDILDTAGQEEYSAMR_22	53
WT_2	WT	KQVVIDGETCLLDILDTAGQEEYSAMR_23	26
WT_2	WT	SALTIQLIQNHFVDEYDPTIEDSYRK_-1	9
WT_2	WT	KQVVIDGETCLLDILDTAGQEEYSAMR_4	5
WT_2	WT	KQVVIDGETCLLDILDTAGQEEYSAMR_1	31
WT_2	WT	KQVVIDGETCLLDILDTAGQEEYSAMR_25.1	2
WT_2	WT	TGEGFLCVFAINNTK_141	8
WT_2	WT	KQVVIDGETCLLDILDTAGQEEYSAMR_22.9	4
WT_2	WT	KQVVIDGETCLLDILDTAGQEEYSAMR_24	25
WT_2	WT	KQVVIDGETCLLDILDTAGQEEYSAMRDQYMR_1	11
WT_2	WT	KQVVIDGETCLLDILDTAGQEEYSAMRDQYMR_38.9	3
WT_2	WT	TGEGFLCVFAINNTK_207	11
WT_2	WT	TGEGFLCVFAINNTK_229	18
WT_2	WT	TGEGFLCVFAINNTK_159	4
WT_2	WT	TGEGFLCVFAINNTK_230	2
WT_2	WT	TGEGFLCVFAINNTK_92.9	2
WT_2	WT	TGEGFLCVFAINNTK_28.9	106
WT_2	WT	TGEGFLCVFAINNTK_12.9	105
WT_2	WT	LVVVGAGGVGK_-1	2
WT_2	WT	TGEGFLCVFAINNTK_14.9	5
WT_2	WT	TGEGFLCVFAINNTK_263	4
WT_2	WT	TGEGFLCVFAINNTK_263.1	5
WT_2	WT	TGEGFLCVFAINNTK_13.9	4
WT_2	WT	QVVIDGETCLLDILDTAGQEEYSAMR_103.1	13
WT_2	WT	KQVVIDGETCLLDILDTAGQEEYSAMRDQYMR_25	2
WT_2	WT	SALTIQLIQNHFVDEYDPTIEDSYR_-1	2
WT_2	WT	TGEGFLCVFAINNTK_-25	25
WT_2	WT	TGEGFLCVFAINNTK_193	3
WT_2	WT	TGEGFLCVFAINNTK_-3	11
WT_2	WT	TGEGFLCVFAINNTK_-2.1	2
WT_2	WT	TGEGFLCVFAINNTK_-3.1	23
WT_2	WT	TGEGFLCVFAINNTK_-0.1	3
WT_2	WT	QVVIDGETCLLDILDTAGQEEYSAMR_144.1	4
WT_2	WT	TGEGFLCVFAINNTK_-24	5
WT_2	WT	TGEGFLCVFAINNTK_143	8
WT_2	WT	TGEGFLCVFAINNTK_180.9	18
WT_2	WT	TGEGFLCVFAINNTK_164.9	8
WT_2	WT	KQVVIDGETCLLDILDTAGQEEYSAMR_138	14
WT_2	WT	KQVVIDGETCLLDILDTAGQEEYSAMR_139	2
WT_2	WT	SALTIQLIQNHFVDEYDPTIEDSYR_43	2
WT_2	WT	TGEGFLCVFAINNTK_221	7
WT_2	WT	TGEGFLCVFAINNTK_249.1	11
WT_2	WT	TGEGFLCVFAINNTK_-8	5
WT_2	WT	QVVIDGETCLLDILDTAGQEEYSAMRDQYMR_0	97
WT_2	WT	QVVIDGETCLLDILDTAGQEEYSAMRDQYMR_22	21
WT_2	WT	KQVVIDGETCLLDILDTAGQEEYSAMR_2	19
WT_2	WT	KQVVIDGETCLLDILDTAGQEEYSAMR_37.9	30
WT_2	WT	QGVDDAFYTLVREIR_-17	5
WT_2	WT	KQVVIDGETCLLDILDTAGQEEYSAMR_38	5
WT_2	WT	KQVVIDGETCLLDILDTAGQEEYSAMR_59.9	8
WT_2	WT	QVVIDGETCLLDILDTAGQEEYSAMRDQYMR_-1	4
WT_2	WT	KQVVIDGETCLLDILDTAGQEEYSAMR_93	5
WT_2	WT	KQVVIDGETCLLDILDTAGQEEYSAMR_75.9	7
WT_2	WT	QVVIDGETCLLDILDTAGQEEYSAMR_87.1	2
WT_2	WT	KQVVIDGETCLLDILDTAGQEEYSAMR_60.9	4
WT_2	WT	KQVVIDGETCLLDILDTAGQEEYSAMR_23.9	2
WT_2	WT	KQVVIDGETCLLDILDTAGQEEYSAMRDQYMR_-5.8	4
WT_2	WT	KQVVIDGETCLLDILDTAGQEEYSAMR_39	4
WT_2	WT	QVVIDGETCLLDILDTAGQEEYSAMRDQYMR_23	2
WT_2	WT	KQVVIDGETCLLDILDTAGQEEYSAMR_61.9	5
WT_2	WT	TGEGFLCVFAINNTK_22.9	3
WT_2	WT	KQVVIDGETCLLDILDTAGQEEYSAMR_21.9	2
WT_2	WT	KQVVIDGETCLLDILDTAGQEEYSAMR_41	4
WT_2	WT	KQVVIDGETCLLDILDTAGQEEYSAMRDQYMR_-1	2
WT_2	WT	SALTIQLIQNHFVDEYDPTIEDSYRK_-1.1	2
WT_2	WT	QVVIDGETCLLDILDTAGQEEYSAMRDQYMR_166	8
WT_2	WT	KQVVIDGETCLLDILDTAGQEEYSAMRDQYMR_39	2
WT_2	WT	QVVIDGETCLLDILDTAGQEEYSAMR_114.1	5
WT_2	WT	TGEGFLCVFAINNTK_6.9	6
WT_2	WT	QVVIDGETCLLDILDTAGQEEYSAMRDQYMR_1	17
WT_2	WT	QVVIDGETCLLDILDTAGQEEYSAMRDQYMR_57	2
WT_2	WT	QVVIDGETCLLDILDTAGQEEYSAMR_15	3
WT_2	WT	QVVIDGETCLLDILDTAGQEEYSAMR_128.1	10
WT_2	WT	KQVVIDGETCLLDILDTAGQEEYSAMRDQYMR_38	5
WT_2	WT	KQVVIDGETCLLDILDTAGQEEYSAMR_12.9	2
WT_2	WT	KQVVIDGETCLLDILDTAGQEEYSAMRDQYMR_23	2
WT_2	WT	QVVIDGETCLLDILDTAGQEEYSAMR_0	54
WT_2	WT	QVVIDGETCLLDILDTAGQEEYSAMR_53.9	7
WT_2	WT	KQVVIDGETCLLDILDTAGQEEYSAMR_167	5
WT_2	WT	QVVIDGETCLLDILDTAGQEEYSAMR_1	29
WT_2	WT	QVVIDGETCLLDILDTAGQEEYSAMR_22	23
WT_2	WT	QVVIDGETCLLDILDTAGQEEYSAMR_23	11
WT_2	WT	SALTIQLIQNHFVDEYDPTIEDSYR_-1.1	2
WT_2	WT	QVVIDGETCLLDILDTAGQEEYSAMR_4	10
WT_2	WT	SALTIQLIQNHFVDEYDPTIEDSYRK_-3.1	4
WT_2	WT	KQVVIDGETCLLDILDTAGQEEYSAMR_109	4
WT_2	WT	QVVIDGETCLLDILDTAGQEEYSAMR_-25	13
WT_2	WT	QVVIDGETCLLDILDTAGQEEYSAMR_52.9	2
WT_2	WT	QVVIDGETCLLDILDTAGQEEYSAMRDQYMR_-17	15
WT_2	WT	QVVIDGETCLLDILDTAGQEEYSAMR_38	11
WT_2	WT	QVVIDGETCLLDILDTAGQEEYSAMR_-16	12
WT_2	WT	QVVIDGETCLLDILDTAGQEEYSAMR_37.9	4
WT_2	WT	QVVIDGETCLLDILDTAGQEEYSAMR_-17	46
WT_2	WT	QVVIDGETCLLDILDTAGQEEYSAMR_24	4
WT_2	WT	QVVIDGETCLLDILDTAGQEEYSAMR_22.9	2
WT_2	WT	QVVIDGETCLLDILDTAGQEEYSAMR_138	9
WT_2	WT	QVVIDGETCLLDILDTAGQEEYSAMR_93	5
WT_2	WT	QVVIDGETCLLDILDTAGQEEYSAMR_-57	2
WT_2	WT	QVVIDGETCLLDILDTAGQEEYSAMR_109	4
WT_2	WT	QVVIDGETCLLDILDTAGQEEYSAMR_20.9	13
WT_2	WT	QVVIDGETCLLDILDTAGQEEYSAMR_-2	2
WT_2	WT	QVVIDGETCLLDILDTAGQEEYSAMR_-16.8	2
WT_2	WT	QVVIDGETCLLDILDTAGQEEYSAMR_5	2
WT_2	WT	QVVIDGETCLLDILDTAGQEEYSAMR_5.9	3
WT_2	WT	QVVIDGETCLLDILDTAGQEEYSAMR_-74	2
WT_2	WT	QVVIDGETCLLDILDTAGQEEYSAMR_76.9	5
WT_2	WT	QVVIDGETCLLDILDTAGQEEYSAMR_-4.1	4
WT_2	WT	QVVIDGETCLLDILDTAGQEEYSAMR_-16.1	2
WT_2	WT	SFEDIHHYR_16	2
WT_2	WT	SFEDIHHYR_38	2
WT_2	WT	SFEDIHHYR_0.1	2
WT_2	WT	SFEDIHHYR_53.9	2
WT_2	WT	LVVVGAGGVGK_53.9	2
WT_2	WT	VKDSEDVPMVLVGNK_3	2
WT_2	WT	VKDSDDVPMVLVGNK_38	2
WT_2	WT	VKDSEDVPMVLVGNK_52.9	3
WT_2	WT	RVKDSEDVPMVLVGNK_-99.1	2
WT_2	WT	VKDSEDVPMVLVGNK_6	2
WT_2	WT	VKDSEDVPMVLVGNKCDLPSR_-6	2
WT_2	WT	VKDSEDVPMVLVGNKCDLPSR_24	3
WT_2	WT	VKDSEDVPMVLVGNKCDLPSR_52.9	2
WT_2	WT	VKDSEDVPMVLVGNKCDLPSR_4	2
WT_2	WT	VKDSEDVPMVLVGNK_0.8	2
WT_2	WT	TEYKLVVVGAGGVGK_219.1	2
WT_2	WT	VKDSEDVPMVLVGNKCDLPSR_167	2
WT_2	WT	VKDSEDVPMVLVGNKCDLPSR_-3	2
WT_2	WT	VKDSEDVPMVLVGNKCDLPSR_-24	2
WT_2	WT	VKDSEDVPMVLVGNKCDLPSR_-56	2
WT_2	WT	DSEDVPMVLVGNKCDLPSR_0.9	2
WT_2	WT	TGEGFLCVFAINNTK_408.1	3
WT_2	WT	TGEGFLCVFAINNTK_409.2	2
WT_2	WT	SYGIPYIETSAK_22	2
WT_2	WT	TVDTKQAQDLARSYGIPFIETSAK_257.2	2
WT_2	WT	SYGIPYIETSAK_21.9	2
WT_2	WT	SYGIPFIETSAK_382.1	2
WT_2	WT	SYGIPFIETSAK_362.2	3
WT_2	WT	TGEGFLCVFAINNTKSFEDIHQYREQIK_165.1	2
WT_2	WT	QGVDDAFYTLVR_57	3
WT_2	WT	QGVEDAFYTLVR_39.9	2
WT_2	WT	QGVDDAFYTLVR_14	2
WT_2	WT	TGEGFLCVFAINNTKSFEDIHHYR_1	2
WT_2	WT	SALTIQLIQNHFVDEYDPTIEDSYRK_41	2
WT_2	WT	SALTIQLIQNHFVDEYDPTIEDSYRK_36.9	3
WT_2	WT	SALTIQLIQNHFVDEYDPTIEDSYRK_91.9	2
WT_2	WT	YDPTIEDSYRK_129	2
WT_2	WT	SALTIQLIQNHFVDEYDPTIEDSYRK_21.9	2
WT_2	WT	SALTIQLIQNHFVDEYDPTIEDSYRK_17	2
WT_2	WT	SALTIQLIQNHFVDEYDPTIEDSYRK_79.9	2
WT_2	WT	SALTIQLIQNHFVDEYDPTIEDSYRK_81	2
WT_2	WT	TGEGFLCVFAINNTK_361.2	2
WT_2	WT	TGEGFLCVFAINNTK_-16	2
WT_2	WT	TGEGFLCVFAINNTKSFEDIHQYREQIK_0	2
WT_2	WT	TGEGFLCVFAINNTK_248.1	3
WT_2	WT	TGEGFLCVFAINNTK_286	2
WT_2	WT	SALTIQLIQNHFVDEYDPTIEDSYRK_-66.2	2
WT_2	WT	SALTIQLIQNHFVDEYDPTIEDSYR_52.9	3
WT_2	WT	SALTIQLIQNHFVDEYDPTIEDSYR_60.9	3
WT_2	WT	SALTIQLIQNHFVDEYDPTIEDSYR_-9.1	3
WT_2	WT	SALTIQLIQNHFVDEYDPTIEDSYR_92.9	2
WT_2	WT	TGEGFLCVFAINNTK_188	2
WT_2	WT	TGEGFLCVFAINNTK_405.2	3
WT_2	WT	SALTIQLIQNHFVDEYDPTIEDSYR_-8.2	2
WT_2	WT	SYGIPFIETSAKTRQGVEDAFYTLVR_23.9	2
WT_2	WT	TGEGFLCVFAINNTK_47	2
WT_2	WT	TGEGFLCVFAINNTK_140	2
WT_2	WT	TGEGFLCVFAINNTK_319	2
WT_2	WT	QRVEDAFYTLVR_-108.1	2
WT_2	WT	QGVDDAFYTLVR_7	2
WT_2	WT	QGVEDAFYTLVR_12.9	2
WT_2	WT	TGEGFLCVFAINNTK_137.9	2
WT_2	WT	TGEGFLCVFAINNTK_226.9	2
WT_2	WT	TGEGFLCVFAINNTK_227.9	2
WT_2	WT	TGEGFLCVFAINNTK_137	3
WT_2	WT	TGEGFLCVFAINNTK_293	2
WT_2	WT	TGEGFLCVFAINNTK_16.9	2
WT_2	WT	QVVIDGETCLLDILDTAGQEEYSAMRDQYMR_41	5
WT_2	WT	TGEGFLCVFAINNTK_-56	2
WT_2	WT	KQVVIDGETCLLDILDTAGQEEYSAMR_-1	2
WT_2	WT	VKDSEDVPMVLVGNKCDLPSR_161.1	5
WT_2	WT	VKDSEDVPMVLVGNKCDLPSR_161.2	3
WT_2	WT	TGEGFLCVFAINNTK_243.9	2
WT_2	WT	KQVVIDGETCLLDILDTAGQEEYSAMRDQYMR_-7.9	3
WT_2	WT	TGEGFLCVFAINNTK_158.9	2
WT_2	WT	TGEGFLCVFAINNTK_160	2
WT_2	WT	TGEGFLCVFAINNTK_15.9	2
WT_2	WT	QVVIDGETCLLDILDTAGQEEYSAMR_41	3
WT_2	WT	TGEGFLCVFAINNTK_193.1	5
WT_2	WT	SYGIPFIETSAKTRQGVDDAFYTLVR_398.2	3
WT_2	WT	QVVIDGETCLLDILDTAGQEEYSAMR_17	2
WT_2	WT	KQVVIDGETCLLDILDTAGQEEYSAMR_52.9	3
WT_2	WT	KQVVIDGETCLLDILDTAGQEEYSAMR_92.9	2
WT_2	WT	KQVVIDGETCLLDILDTAGQEEYSAMR_24.9	2
WT_2	WT	TGEGFLCVFAINNTK_60.9	2
WT_2	WT	KQVVIDGETCLLDILDTAGQEEYSAMR_21	2
WT_2	WT	QVVIDGETCLLDILDTAGQEEYSAMRDQYMR_39.9	2
WT_2	WT	TGEGFLCVFAINNTK_266.1	3
WT_2	WT	QVVIDGETCLLDILDTAGQEEYSAMRDQYMR_25	2
WT_2	WT	KQVVIDGETCLLDILDTAGQEEYSAMRDQYMR_37.9	3
WT_2	WT	KQVVIDGETCLLDILDTAGQEEYSAMRDQYMR_22	2
WT_2	WT	QVVIDGETCLLDILDTAGQEEYSAMR_54	2
WT_2	WT	QVVIDGETCLLDILDTAGQEEYSAMR_75.9	3
WT_2	WT	SALTIQLIQNHFVDEYDPTIEDSYR_-2.1	2
WT_2	WT	QVVIDGETCLLDILDTAGQEEYSAMRDQYMR_113.1	2
WT_2	WT	KQVVIDGETCLLDILDTAGQEEYSAMR_140	2
WT_2	WT	KQVVIDGETCLLDILDTAGQEEYSAMR_110	2
WT_2	WT	QVVIDGETCLLDILDTAGQEEYSAMRDQYMR_37.9	5
WT_2	WT	QVVIDGETCLLDILDTAGQEEYSAMR_-12	2
WT_2	WT	QVVIDGETCLLDILDTAGQEEYSAMRDQYMR_-57	2
WT_2	WT	QVVIDGETCLLDILDTAGQEEYSAMR_167	2
WT_2	WT	QVVIDGETCLLDILDTAGQEEYSAMR_-1	2
WT_2	WT	QVVIDGETCLLDILDTAGQEEYSAMR_111.1	2
WT_2	WT	QVVIDGETCLLDILDTAGQEEYSAMR_146.9	2
WT_2	WT	TGEGFLCVFAINNTK_299.1	2
WT_2	WT	TGEGFLCVFAINNTK_345.1	2
WT_2	WT	QVVIDGETCLLDILDTAGQEEYSAMR_-17.1	2
WT_2	WT	QVVIDGETCLLDILDTAGQEEYSAMR_92	2
WT_2	WT	SALTIQLIQNHFVDEYDPTIEDSYR_-0.1	2
WT_3	WT	QAQDLAR_0	6
WT_3	WT	CDLPSRTVDTK_0	6
WT_3	WT	SFEDIHHYR_156.1	6
WT_3	WT	TVDTKQAQDLAR_0	9
WT_3	WT	TVDTKQAQDLAR_37.9	6
WT_3	WT	SFEDIHHYR_0	270
WT_3	WT	SFEDIHHYR_-87	27
WT_3	WT	SFEDIHHYR_37.9	9
WT_3	WT	SFEDIHHYR_-18	11
WT_3	WT	SFEDIHHYR_3	4
WT_3	WT	SFEDIHHYR_22	6
WT_3	WT	SFEDIHHYR_257.1	4
WT_3	WT	LVVVGAGGVGK_128.1	6
WT_3	WT	SFEDIHHYREQIKR_0	60
WT_3	WT	SFEDIHHYREQIKR_37.9	2
WT_3	WT	YDPTIEDSYRK_0	9
WT_3	WT	VKDSEDVPMVLVGNK_-48	4
WT_3	WT	SFEDIHHYREQIK_0	18
WT_3	WT	SFEDIHQYR_-147.1	2
WT_3	WT	RVKDSEDVPMVLVGNK_0	33
WT_3	WT	LVVVGAGGVGK_-0.1	4
WT_3	WT	LVVVGAGGVGK_0	75
WT_3	WT	LVVVGAGGVGK_-18	9
WT_3	WT	LVVVGAGGVGK_22	4
WT_3	WT	LVVVGAGGVGK_53.9	2
WT_3	WT	LVVVGAGGVGK_340.2	7
WT_3	WT	SFEDIHHYR_43	4
WT_3	WT	VKDSEDVPMVLVGNK_0	221
WT_3	WT	VKDSEDVPMVLVGNK_1	54
WT_3	WT	VKDSEDVPMVLVGNK_2	8
WT_3	WT	VKDSEDVPMVLVGNK_22	44
WT_3	WT	VKDSEDVPMVLVGNK_53.9	20
WT_3	WT	YDPTIEDSYR_0	2
WT_3	WT	VKDSEDVPMVLVGNK_156.1	4
WT_3	WT	RVKDSEDVPMVLVGNK_37.9	2
WT_3	WT	LVVVGAGGVGK_1	4
WT_3	WT	DSEDVPMVLVGNKCDLPSRTVDTK_227.2	11
WT_3	WT	VKDSEDVPMVLVGNKCDLPSR_0	92
WT_3	WT	SFEDIHHYR_183	7
WT_3	WT	VKDSEDVPMVLVGNKCDLPSR_15	24
WT_3	WT	VKDSEDVPMVLVGNKCDLPSR_156.1	6
WT_3	WT	MTEYKLVVVGAGGVGK_103	12
WT_3	WT	MTEYKLVVVGAGGVGK_61	2
WT_3	WT	VKDSEDVPMVLVGNK_37.9	42
WT_3	WT	VKDSEDVPMVLVGNK_38	15
WT_3	WT	VKDSEDVPMVLVGNK_21.9	2
WT_3	WT	VKDSEDVPMVLVGNK_-17	12
WT_3	WT	VKDSEDVPMVLVGNK_24	20
WT_3	WT	VKDSEDVPMVLVGNK_-35	18
WT_3	WT	VKDSEDVPMVLVGNK_-145.1	2
WT_3	WT	DSEDVPMVLVGNK_0	63
WT_3	WT	VKDSEDVPMVLVGNK_-18	9
WT_3	WT	VKDSEDVPMVLVGNK_52.9	7
WT_3	WT	VKDSEDVPMVLVGNK_-99.1	6
WT_3	WT	YDPTIEDSYRK_490.2	15
WT_3	WT	VKDSEDVPMVLVGNK_-0.2	6
WT_3	WT	VKDSEDVPMVLVGNKCDLPSR_-25	54
WT_3	WT	VKDSEDVPMVLVGNK_23	6
WT_3	WT	VKDSEDVPMVLVGNKCDLPSR_12.9	15
WT_3	WT	RVKDSEDVPMVLVGNK_-99.1	6
WT_3	WT	VKDSEDVPMVLVGNKCDLPSR_-9	30
WT_3	WT	VKDSEDVPMVLVGNKCDLPSR_28.9	14
WT_3	WT	VKDSEDVPMVLVGNKCDLPSR_-57	36
WT_3	WT	VKDSEDVPMVLVGNKCDLPSR_-6	2
WT_3	WT	VKDSEDVPMVLVGNKCDLPSR_38	8
WT_3	WT	VKDSEDVPMVLVGNKCDLPSR_37.9	27
WT_3	WT	VKDSEDVPMVLVGNKCDLPSR_7	4
WT_3	WT	VKDSEDVPMVLVGNKCDLPSR_3	16
WT_3	WT	VKDSEDVPMVLVGNKCDLPSR_22	17
WT_3	WT	VKDSEDVPMVLVGNKCDLPSR_6	4
WT_3	WT	VKDSEDVPMVLVGNKCDLPSR_1	4
WT_3	WT	VKDSEDVPMVLVGNKCDLPSR_24	2
WT_3	WT	VKDSEDVPMVLVGNKCDLPSR_284.1	6
WT_3	WT	VKDSEDVPMVLVGNKCDLPSR_37	4
WT_3	WT	VKDSEDVPMVLVGNKCDLPSR_248	6
WT_3	WT	VKDSEDVPMVLVGNKCDLPSR_79	4
WT_3	WT	MTEYKLVVVGAGGVGK_87	28
WT_3	WT	MTEYKLVVVGAGGVGK_45	7
WT_3	WT	VKDSEDVPMVLVGNKCDLPSR_487.3	2
WT_3	WT	TEYKLVVVGAGGVGK_219.1	4
WT_3	WT	DSEDVPMVLVGNK_227.2	11
WT_3	WT	VKDSEDVPMVLVGNKCDLPSR_167	4
WT_3	WT	VKDSEDVPMVLVGNKCDLPSR_95	6
WT_3	WT	DSEDVPMVLVGNK_-115	6
WT_3	WT	VKDSEDVPMVLVGNKCDLPSR_138	12
WT_3	WT	VKDSEDVPMVLVGNKCDLPSR_-3.1	11
WT_3	WT	VKDSEDVPMVLVGNKCDLPSR_-3	4
WT_3	WT	VKDSEDVPMVLVGNKCDLPSR_-19.1	2
WT_3	WT	YDPTIEDSYR_490.2	9
WT_3	WT	VKDSEDVPMVLVGNKCDLPSR_93	20
WT_3	WT	VKDSEDVPMVLVGNKCDLPSR_92.9	6
WT_3	WT	VKDSEDVPMVLVGNKCDLPSR_94	4
WT_3	WT	VKDSEDVPMVLVGNKCDLPSR_6.9	11
WT_3	WT	SYGIPFIETSAKTR_0	37
WT_3	WT	DSEDVPMVLVGNKCDLPSR_0	47
WT_3	WT	DSEDVPMVLVGNK_22	45
WT_3	WT	DSEDVPMVLVGNK_37.9	9
WT_3	WT	DSEDVPMVLVGNK_21.9	2
WT_3	WT	DSEDVPMVLVGNK_24	8
WT_3	WT	TRQGVDDAFYTLVR_0	65
WT_3	WT	VKDSEDVPMVLVGNKCDLPSR_109	9
WT_3	WT	TRQGVDDAFYTLVR_37.9	23
WT_3	WT	TRQGVDDAFYTLVR_22	8
WT_3	WT	TRQGVDDAFYTLVR_53.9	4
WT_3	WT	TRQGVDDAFYTLVR_2	9
WT_3	WT	TRQGVDDAFYTLVR_24	8
WT_3	WT	TRQGVDDAFYTLVR_-18	22
WT_3	WT	TRQGVDDAFYTLVR_1	8
WT_3	WT	TRQGVDDAFYTLVR_0.1	4
WT_3	WT	TRQGVDDAFYTLVR_38	8
WT_3	WT	VKDSEDVPMVLVGNKCDLPSR_110	2
WT_3	WT	VKDSEDVPMVLVGNK_43	8
WT_3	WT	VKDSEDVPMVLVGNK_45	2
WT_3	WT	LVVVGAGGVGK_43	9
WT_3	WT	VKDSEDVPMVLVGNKCDLPSR_77	14
WT_3	WT	DSEDVPMVLVGNKCDLPSR_-25	10
WT_3	WT	DSEDVPMVLVGNKCDLPSR_-9.1	2
WT_3	WT	SALTIQLIQNHFVDEYDPTIEDSYRK_0	538
WT_3	WT	VEDAFYTLVR_-14	13
WT_3	WT	SYGIPFIETSAK_0	160
WT_3	WT	TGEGFLCVFAINNTK_218.1	6
WT_3	WT	TGEGFLCVFAINNTK_408.1	2
WT_3	WT	TGEGFLCVFAINNTK_408.2	4
WT_3	WT	SYGIPFIETSAK_2	18
WT_3	WT	SYGIPYIETSAK_6	2
WT_3	WT	TGEGFLCVFAINNTK_-27	6
WT_3	WT	SYGIPFIETSAK_24	6
WT_3	WT	SYGIPFIETSAK_22	10
WT_3	WT	SYGIPFIETSAK_-4	29
WT_3	WT	SYGIPFIETSAK_382.1	4
WT_3	WT	SYGIPFIETSAK_362.2	7
WT_3	WT	SYGIPFIETSAK_3	4
WT_3	WT	TGEGFLCVFAINNTKSFEDIHHYREQIK_156.1	14
WT_3	WT	TGEGFLCVFAINNTKSFEDIHQYREQIK_165.1	2
WT_3	WT	SYGIPFIETSAK_14	2
WT_3	WT	TGEGFLCVFAINNTK_0	216
WT_3	WT	QGVDDAFYTLVR_0	114
WT_3	WT	QGVDDAFYTLVR_37.9	27
WT_3	WT	QGVDDAFYTLVR_22	6
WT_3	WT	QGVDDAFYTLVR_-17	79
WT_3	WT	QGVDDAFYTLVR_-18	21
WT_3	WT	QGVDDAFYTLVR_5	21
WT_3	WT	QGVDDAFYTLVR_4	2
WT_3	WT	QRVEDAFYTLVR_-148.1	2
WT_3	WT	QGVEDAFYTLVR_8	11
WT_3	WT	QGVEDAFYTLVR_39.9	2
WT_3	WT	TGEGFLCVFAINNTK_149.1	9
WT_3	WT	TGEGFLCVFAINNTKSFEDIHHYR_0	10
WT_3	WT	SALTIQLIQNHFVDEYDPTIEDSYRK_1	60
WT_3	WT	SALTIQLIQNHFVDEYDPTIEDSYRK_38.9	14
WT_3	WT	SALTIQLIQNHFVDEYDPTIEDSYRK_3	18
WT_3	WT	SALTIQLIQNHFVDEYDPTIEDSYRK_23	32
WT_3	WT	QGVDDAFYTLVR_1	4
WT_3	WT	SALTIQLIQNHFVDEYDPTIEDSYRK_18	6
WT_3	WT	SALTIQLIQNHFVDEYDPTIEDSYR_128.1	30
WT_3	WT	TGEGFLCVFAINNTK_301.1	6
WT_3	WT	SALTIQLIQNHFVDEYDPTIEDSYRK_-17	24
WT_3	WT	SALTIQLIQNHFVDEYDPTIEDSYRK_20.9	4
WT_3	WT	SALTIQLIQNHFVDEYDPTIEDSYRK_-18	25
WT_3	WT	TRQGVDDAFYTLVREIR_0	4
WT_3	WT	SALTIQLIQNHFVDEYDPTIEDSYRK_22	63
WT_3	WT	SALTIQLIQNHFVDEYDPTIEDSYRK_38	16
WT_3	WT	SALTIQLIQNHFVDEYDPTIEDSYRK_37.9	51
WT_3	WT	SALTIQLIQNHFVDEYDPTIEDSYRK_75.9	9
WT_3	WT	SALTIQLIQNHFVDEYDPTIEDSYRK_39	9
WT_3	WT	YDPTIEDSYRK_244.1	8
WT_3	WT	SALTIQLIQNHFVDEYDPTIEDSYRK_24	10
WT_3	WT	SALTIQLIQNHFVDEYDPTIEDSYRK_59.9	2
WT_3	WT	SALTIQLIQNHFVDEYDPTIEDSYRK_2	9
WT_3	WT	YDPTIEDSYRK_129	6
WT_3	WT	SALTIQLIQNHFVDEYDPTIEDSYRK_-35	4
WT_3	WT	YDPTIEDSYRK_343.1	4
WT_3	WT	SALTIQLIQNHFVDEYDPTIEDSYRK_-53	2
WT_3	WT	SALTIQLIQNHFVDEYDPTIEDSYRK_53.9	20
WT_3	WT	SALTIQLIQNHFVDEYDPTIEDSYRK_40.9	2
WT_3	WT	SALTIQLIQNHFVDEYDPTIEDSYRK_52.9	4
WT_3	WT	SALTIQLIQNHFVDEYDPTIEDSYRK_4	6
WT_3	WT	SALTIQLIQNHFVDEYDPTIEDSYRK_16	26
WT_3	WT	TGEGFLCVFAINNTK_16	33
WT_3	WT	SALTIQLIQNHFVDEYDPTIEDSYRK_80	15
WT_3	WT	SALTIQLIQNHFVDEYDPTIEDSYR_1	41
WT_3	WT	TGEGFLCVFAINNTK_109	74
WT_3	WT	SALTIQLIQNHFVDEYDPTIEDSYR_38.9	10
WT_3	WT	TGEGFLCVFAINNTK_43	16
WT_3	WT	TGEGFLCVFAINNTK_15	24
WT_3	WT	TGEGFLCVFAINNTK_-57	85
WT_3	WT	TGEGFLCVFAINNTK_22	20
WT_3	WT	TGEGFLCVFAINNTK_38	9
WT_3	WT	TGEGFLCVFAINNTK_62	9
WT_3	WT	TGEGFLCVFAINNTK_24	11
WT_3	WT	TGEGFLCVFAINNTK_53.9	9
WT_3	WT	TGEGFLCVFAINNTK_37.9	11
WT_3	WT	TGEGFLCVFAINNTK_-18	6
WT_3	WT	TGEGFLCVFAINNSK_-4	7
WT_3	WT	TGEGFLCVFAINNTK_-101	6
WT_3	WT	TGEGFLCVFAINNTK_-17	8
WT_3	WT	TGEGFLCVFAINNTK_1	9
WT_3	WT	TGEGFLCVFAINNTK_-16	2
WT_3	WT	TGEGFLCVFAINNTK_-45	2
WT_3	WT	TGEGFLCVFAINNTK_-20.1	2
WT_3	WT	DQYMRTGEGFLCVFAINNTK_123.1	2
WT_3	WT	TGEGFLCVFAINNTK_23	4
WT_3	WT	TGEGFLCVFAINNTK_-1	7
WT_3	WT	SALTIQLIQNHFVDEYDPTIEDSYRK_183	11
WT_3	WT	TGEGFLCVFAINNTK_55	4
WT_3	WT	TGEGFLCVFAINNTK_56	2
WT_3	WT	TGEGFLCVFAINNTK_248	20
WT_3	WT	SYGIPFIETSAK_43	4
WT_3	WT	SALTIQLIQNHFVDEYDPTIEDSYR_0	261
WT_3	WT	TGEGFLCVFAINNTK_79	27
WT_3	WT	SALTIQLIQNHFVDEYDPTIEDSYR_-17	6
WT_3	WT	TGEGFLCVFAINNTK_125	9
WT_3	WT	SALTIQLIQNHFVDEYDPTIEDSYR_37.9	80
WT_3	WT	SALTIQLIQNHFVDEYDPTIEDSYR_38	27
WT_3	WT	SALTIQLIQNHFVDEYDPTIEDSYR_22	52
WT_3	WT	SALTIQLIQNHFVDEYDPTIEDSYR_23	53
WT_3	WT	SALTIQLIQNHFVDEYDPTIEDSYR_53.9	21
WT_3	WT	SALTIQLIQNHFVDEYDPTIEDSYR_24	29
WT_3	WT	SALTIQLIQNHFVDEYDPTIEDSYR_75.9	12
WT_3	WT	SALTIQLIQNHFVDEYDPTIEDSYR_59.9	13
WT_3	WT	SALTIQLIQNHFVDEYDPTIEDSYR_3	18
WT_3	WT	SALTIQLIQNHFVDEYDPTIEDSYR_61.9	4
WT_3	WT	TGEGFLCVFAINNTK_25	9
WT_3	WT	SALTIQLIQNHFVDEYDPTIEDSYR_-18	4
WT_3	WT	YDPTIEDSYR_244.1	2
WT_3	WT	SALTIQLIQNHFVDEYDPTIEDSYR_76.9	4
WT_3	WT	TGEGFLCVFAINNTK_184	8
WT_3	WT	TGEGFLCVFAINNTK_93	67
WT_3	WT	SALTIQLIQNHFVDEYDPTIEDSYR_-8.1	2
WT_3	WT	TGEGFLCVFAINNTK_128	6
WT_3	WT	SALTIQLIQNHFVDEYDPTIEDSYR_-9.1	7
WT_3	WT	SALTIQLIQNHFVDEYDPTIEDSYR_-9.2	6
WT_3	WT	TGEGFLCVFAINNTK_-14	8
WT_3	WT	TGEGFLCVFAINNTK_-73	2
WT_3	WT	TGEGFLCVFAINNTK_199	2
WT_3	WT	SALTIQLIQNHFVDEYDPTIEDSYR_16	2
WT_3	WT	TGEGFLCVFAINNTK_80	13
WT_3	WT	TGEGFLCVFAINNTK_167	40
WT_3	WT	TGEGFLCVFAINNTK_168	20
WT_3	WT	TGEGFLCVFAINNTK_32	11
WT_3	WT	TGEGFLCVFAINNTK_152	14
WT_3	WT	TGEGFLCVFAINNTK_177	29
WT_3	WT	SYGIPFIETSAKTRQGVDDAFYTLVR_0	7
WT_3	WT	TGEGFLCVFAINNTK_153	8
WT_3	WT	TGEGFLCVFAINNTK_228	2
WT_3	WT	TGEGFLCVFAINNTK_228.1	2
WT_3	WT	SALTIQLIQNHFVDEYDPTIEDSYR_2	4
WT_3	WT	TGEGFLCVFAINNTK_47	6
WT_3	WT	TGEGFLCVFAINNTK_77	34
WT_3	WT	TGEGFLCVFAINNTK_95	9
WT_3	WT	TGEGFLCVFAINNSK_-3	4
WT_3	WT	TGEGFLCVFAINNTK_138	41
WT_3	WT	TGEGFLCVFAINNTK_-35	8
WT_3	WT	TGEGFLCVFAINNTK_161.9	2
WT_3	WT	TGEGFLCVFAINNTK_140	8
WT_3	WT	TGEGFLCVFAINNTK_17	36
WT_3	WT	TGEGFLCVFAINNTK_4	2
WT_3	WT	TGEGFLCVFAINNTK_-4.9	6
WT_3	WT	TGEGFLCVFAINNTK_319	4
WT_3	WT	TGEGFLCVFAINNTK_320	2
WT_3	WT	QGVDDAFYTLVR_43	8
WT_3	WT	TGEGFLCVFAINNTK_13	8
WT_3	WT	TGEGFLCVFAINNTK_-2	6
WT_3	WT	TGEGFLCVFAINNTK_46	4
WT_3	WT	QRVEDAFYTLVR_-108.1	4
WT_3	WT	QGVDDAFYTLVR_6.9	4
WT_3	WT	QGVEDAFYTLVR_21.9	4
WT_3	WT	QGVEDAFYTLVR_22.9	13
WT_3	WT	QGVDDAFYTLVREIR_0	15
WT_3	WT	QGVDDAFYTLVR_20.9	2
WT_3	WT	TGEGFLCVFAINNTK_114.9	2
WT_3	WT	TGEGFLCVFAINNTK_127	4
WT_3	WT	TGEGFLCVFAINNTK_61	4
WT_3	WT	TGEGFLCVFAINNTK_108.9	2
WT_3	WT	TGEGFLCVFAINNTK_96	4
WT_3	WT	TGEGFLCVFAINNTK_151	18
WT_3	WT	TGEGFLCVFAINNTK_170	4
WT_3	WT	TGEGFLCVFAINNTK_179	18
WT_3	WT	SALTIQLIQNHFVDEYDPTIEDSYRK_43	16
WT_3	WT	TGEGFLCVFAINNTK_112	9
WT_3	WT	TGEGFLCVFAINNTK_245	13
WT_3	WT	TGEGFLCVFAINNTK_244.9	6
WT_3	WT	TGEGFLCVFAINNTK_133	2
WT_3	WT	TGEGFLCVFAINNTK_152.9	2
WT_3	WT	TGEGFLCVFAINNTK_165	18
WT_3	WT	TGEGFLCVFAINNTK_228.9	6
WT_3	WT	TGEGFLCVFAINNTK_227.9	2
WT_3	WT	KQVVIDGETCLLDILDTAGQEEYSAMRDQYMR_0	85
WT_3	WT	TGEGFLCVFAINNTK_137	7
WT_3	WT	TGEGFLCVFAINNTK_-9	29
WT_3	WT	KQVVIDGETCLLDILDTAGQEEYSAMRDQYMR_-1	4
WT_3	WT	KQVVIDGETCLLDILDTAGQEEYSAMRDQYMR_1	19
WT_3	WT	TGEGFLCVFAINNTK_45	6
WT_3	WT	TGEGFLCVFAINNTK_100.9	4
WT_3	WT	TGEGFLCVFAINNTK_164	2
WT_3	WT	TGEGFLCVFAINNTK_261.1	2
WT_3	WT	TGEGFLCVFAINNTK_163	4
WT_3	WT	TGEGFLCVFAINNTK_7	8
WT_3	WT	TGEGFLCVFAINNTK_262	2
WT_3	WT	TGEGFLCVFAINNTK_261	6
WT_3	WT	KQVVIDGETCLLDILDTAGQEEYSAMR_15	21
WT_3	WT	SALTIQLIQNHFVDEYDPTIEDSYRK_-1	13
WT_3	WT	KQVVIDGETCLLDILDTAGQEEYSAMR_0	104
WT_3	WT	KQVVIDGETCLLDILDTAGQEEYSAMR_53.9	10
WT_3	WT	KQVVIDGETCLLDILDTAGQEEYSAMR_-1	6
WT_3	WT	QVVIDGETCLLDILDTAGQEEYSAMR_166	4
WT_3	WT	KQVVIDGETCLLDILDTAGQEEYSAMR_22	40
WT_3	WT	KQVVIDGETCLLDILDTAGQEEYSAMR_23	23
WT_3	WT	TGEGFLCVFAINNTK_141	7
WT_3	WT	KQVVIDGETCLLDILDTAGQEEYSAMR_4	6
WT_3	WT	KQVVIDGETCLLDILDTAGQEEYSAMR_20	2
WT_3	WT	KQVVIDGETCLLDILDTAGQEEYSAMR_24	12
WT_3	WT	VKDSEDVPMVLVGNKCDLPSR_161.1	5
WT_3	WT	VKDSEDVPMVLVGNKCDLPSR_161.2	2
WT_3	WT	TGEGFLCVFAINNTK_243.9	8
WT_3	WT	KQVVIDGETCLLDILDTAGQEEYSAMRDQYMR_-7.9	2
WT_3	WT	TGEGFLCVFAINNTK_229	16
WT_3	WT	TGEGFLCVFAINNTK_159	4
WT_3	WT	SALTIQLIQNHFVDEYDPTIEDSYR_-1	6
WT_3	WT	TGEGFLCVFAINNTK_12.9	100
WT_3	WT	TGEGFLCVFAINNTK_28.9	126
WT_3	WT	TGEGFLCVFAINNTK_34.9	2
WT_3	WT	QVVIDGETCLLDILDTAGQEEYSAMR_103.1	9
WT_3	WT	QVVIDGETCLLDILDTAGQEEYSAMR_103	4
WT_3	WT	QVVIDGETCLLDILDTAGQEEYSAMRDQYMR_332.2	2
WT_3	WT	SYGIPFIETSAK_-1	2
WT_3	WT	QVVIDGETCLLDILDTAGQEEYSAMR_42	2
WT_3	WT	TGEGFLCVFAINNTK_-25	22
WT_3	WT	TGEGFLCVFAINNTK_-3.1	27
WT_3	WT	TGEGFLCVFAINNTK_193	4
WT_3	WT	TGEGFLCVFAINNTK_-3	14
WT_3	WT	QVVIDGETCLLDILDTAGQEEYSAMR_128.1	14
WT_3	WT	TGEGFLCVFAINNTK_-0.1	7
WT_3	WT	TGEGFLCVFAINNTK_-2.1	6
WT_3	WT	QVVIDGETCLLDILDTAGQEEYSAMR_144.1	2
WT_3	WT	TGEGFLCVFAINNTK_-24	8
WT_3	WT	TGEGFLCVFAINNTK_-43	4
WT_3	WT	TGEGFLCVFAINNTK_143	10
WT_3	WT	TGEGFLCVFAINNTK_164.9	6
WT_3	WT	TGEGFLCVFAINNTK_180.9	7
WT_3	WT	KQVVIDGETCLLDILDTAGQEEYSAMR_138	12
WT_3	WT	SALTIQLIQNHFVDEYDPTIEDSYR_43	4
WT_3	WT	TGEGFLCVFAINNTK_221	4
WT_3	WT	TGEGFLCVFAINNTK_-8	2
WT_3	WT	QVVIDGETCLLDILDTAGQEEYSAMRDQYMR_0	100
WT_3	WT	QVVIDGETCLLDILDTAGQEEYSAMR_71.1	14
WT_3	WT	KQVVIDGETCLLDILDTAGQEEYSAMR_2	20
WT_3	WT	KQVVIDGETCLLDILDTAGQEEYSAMR_37.9	22
WT_3	WT	QVVIDGETCLLDILDTAGQEEYSAMRDQYMR_22	12
WT_3	WT	KQVVIDGETCLLDILDTAGQEEYSAMR_1	27
WT_3	WT	KQVVIDGETCLLDILDTAGQEEYSAMR_92.9	6
WT_3	WT	KQVVIDGETCLLDILDTAGQEEYSAMR_38	8
WT_3	WT	KQVVIDGETCLLDILDTAGQEEYSAMR_93	8
WT_3	WT	KQVVIDGETCLLDILDTAGQEEYSAMR_23.9	16
WT_3	WT	KQVVIDGETCLLDILDTAGQEEYSAMR_42.1	2
WT_3	WT	KQVVIDGETCLLDILDTAGQEEYSAMR_59.9	4
WT_3	WT	QVVIDGETCLLDILDTAGQEEYSAMRDQYMR_1	16
WT_3	WT	KQVVIDGETCLLDILDTAGQEEYSAMR_40	2
WT_3	WT	KQVVIDGETCLLDILDTAGQEEYSAMR_41.1	2
WT_3	WT	KQVVIDGETCLLDILDTAGQEEYSAMR_36.9	2
WT_3	WT	QVVIDGETCLLDILDTAGQEEYSAMR_114.1	7
WT_3	WT	TGEGFLCVFAINNTK_6.9	9
WT_3	WT	TGEGFLCVFAINNTK_44.9	10
WT_3	WT	QVVIDGETCLLDILDTAGQEEYSAMRDQYMR_40	2
WT_3	WT	QVVIDGETCLLDILDTAGQEEYSAMRDQYMR_25	2
WT_3	WT	KQVVIDGETCLLDILDTAGQEEYSAMRDQYMR_37.9	4
WT_3	WT	QVVIDGETCLLDILDTAGQEEYSAMR_15	4
WT_3	WT	KQVVIDGETCLLDILDTAGQEEYSAMR_12.9	4
WT_3	WT	QVVIDGETCLLDILDTAGQEEYSAMR_0	54
WT_3	WT	QVVIDGETCLLDILDTAGQEEYSAMR_53.9	8
WT_3	WT	KQVVIDGETCLLDILDTAGQEEYSAMR_167	6
WT_3	WT	QVVIDGETCLLDILDTAGQEEYSAMR_54	2
WT_3	WT	SALTIQLIQNHFVDEYDPTIEDSYR_-1.1	2
WT_3	WT	QVVIDGETCLLDILDTAGQEEYSAMR_23	9
WT_3	WT	QVVIDGETCLLDILDTAGQEEYSAMR_22	36
WT_3	WT	QVVIDGETCLLDILDTAGQEEYSAMR_1	27
WT_3	WT	QVVIDGETCLLDILDTAGQEEYSAMR_4	12
WT_3	WT	SALTIQLIQNHFVDEYDPTIEDSYR_-2.1	2
WT_3	WT	QVVIDGETCLLDILDTAGQEEYSAMRDQYMR_71.1	2
WT_3	WT	KQVVIDGETCLLDILDTAGQEEYSAMR_109	4
WT_3	WT	QVVIDGETCLLDILDTAGQEEYSAMR_-25	20
WT_3	WT	QVVIDGETCLLDILDTAGQEEYSAMRDQYMR_37.9	9
WT_3	WT	QVVIDGETCLLDILDTAGQEEYSAMR_37.9	4
WT_3	WT	QVVIDGETCLLDILDTAGQEEYSAMR_38	20
WT_3	WT	QVVIDGETCLLDILDTAGQEEYSAMR_-17	44
WT_3	WT	QVVIDGETCLLDILDTAGQEEYSAMR_24	4
WT_3	WT	QVVIDGETCLLDILDTAGQEEYSAMR_-12	2
WT_3	WT	QVVIDGETCLLDILDTAGQEEYSAMR_-57	11
WT_3	WT	QVVIDGETCLLDILDTAGQEEYSAMRDQYMR_-17	16
WT_3	WT	TGEGFLCVFAINNTK_299.1	2
WT_3	WT	QVVIDGETCLLDILDTAGQEEYSAMR_93	4
WT_3	WT	QVVIDGETCLLDILDTAGQEEYSAMR_-3	2
WT_3	WT	QVVIDGETCLLDILDTAGQEEYSAMR_94	2
WT_3	WT	QVVIDGETCLLDILDTAGQEEYSAMR_77	4
WT_3	WT	QVVIDGETCLLDILDTAGQEEYSAMR_20.9	6
WT_3	WT	SALTIQLIQNHFVDEYDPTIEDSYR_-4.2	2
WT_3	WT	QVVIDGETCLLDILDTAGQEEYSAMR_-1	2
WT_3	WT	TGEGFLCVFAINNTK_161.1	4
WT_3	WT	QVVIDGETCLLDILDTAGQEEYSAMR_-16	12
WT_3	WT	QVVIDGETCLLDILDTAGQEEYSAMR_21.9	2
WT_3	WT	QVVIDGETCLLDILDTAGQEEYSAMR_-74	16
WT_3	WT	QVVIDGETCLLDILDTAGQEEYSAMR_78.9	2
WT_3	WT	QVVIDGETCLLDILDTAGQEEYSAMR_-4.1	2
WT_3	WT	QVVIDGETCLLDILDTAGQEEYSAMR_92	4
WT_3	WT	TGEGFLCVFAINNTK_0.9	2
WT_3	WT	QVVIDGETCLLDILDTAGQEEYSAMR_-17.1	7
WT_3	WT	QAQDLAR_1	2
WT_3	WT	QAQDLAR_-18	2
WT_3	WT	TVDTKQAQDLAR_38	2
WT_3	WT	SFEDIHHYREQIKR_23	2
WT_3	WT	SFEDIHHYREQIKR_-87	2
WT_3	WT	SFEDIHHYREQIKR_38	2
WT_3	WT	LVVVGAGGVGK_24	2
WT_3	WT	VKDSEDVPMVLVGNK_0.1	2
WT_3	WT	VKDSEDVPMVLVGNKCDLPSR_-9.1	5
WT_3	WT	VKDSEDVPMVLVGNKCDLPSR_23	5
WT_3	WT	VKDSEDVPMVLVGNKCDLPSR_53.9	2
WT_3	WT	VKDSEDVPMVLVGNKCDLPSR_4	2
WT_3	WT	VKDSEDVPMVLVGNK_-128.1	4
WT_3	WT	DSEDVPMVLVGNK_6	4
WT_3	WT	TRQGVDDAFYTLVR_-17	2
WT_3	WT	SYGIPYIETSAK_21.9	4
WT_3	WT	SYGIPFIETSAK_-18	2
WT_3	WT	SYGIPYIETSAK_22	2
WT_3	WT	QGVDDAFYTLVR_38	4
WT_3	WT	QGVDDAFYTLVR_53.9	2
WT_3	WT	QGVDDAFYTLVR_-36	2
WT_3	WT	QGVDDAFYTLVR_24	2
WT_3	WT	TGEGFLCVFAINNTKSFEDIHHYR_-1	2
WT_3	WT	TGEGFLCVFAINNTKSFEDIHHYR_1	2
WT_3	WT	SALTIQLIQNHFVDEYDPTIEDSYR_166	2
WT_3	WT	SALTIQLIQNHFVDEYDPTIEDSYRK_40	2
WT_3	WT	SALTIQLIQNHFVDEYDPTIEDSYRK_60.9	2
WT_3	WT	SALTIQLIQNHFVDEYDPTIEDSYRK_61.9	2
WT_3	WT	SALTIQLIQNHFVDEYDPTIEDSYRK_32	4
WT_3	WT	SYGIPFIETSAK_80	2
WT_3	WT	SALTIQLIQNHFVDEYDPTIEDSYR_22.9	4
WT_3	WT	MTEYKLVVVGAGGVGKSALTIQLIQNHFVDEYDPTIEDSYR_385.4	2
WT_3	WT	SALTIQLIQNHFVDEYDPTIEDSYR_60.9	5
WT_3	WT	LVVVGAGGVGKSALTIQLIQNHFVDEYDPTIEDSYR_48.8	2
WT_3	WT	SALTIQLIQNHFVDEYDPTIEDSYR_-10.1	2
WT_3	WT	TGEGFLCVFAINNTK_195	4
WT_3	WT	TGEGFLCVFAINNTK_146.9	2
WT_3	WT	TGEGFLCVFAINNTK_207	4
WT_3	WT	SALTIQLIQNHFVDEYDPTIEDSYR_39	2
WT_3	WT	SALTIQLIQNHFVDEYDPTIEDSYR_36.9	2
WT_3	WT	TGEGFLCVFAINNTK_-56	2
WT_3	WT	TGEGFLCVFAINNTK_38.9	4
WT_3	WT	TGEGFLCVFAINNTK_-91	2
WT_3	WT	TGEGFLCVFAINNTK_290	2
WT_3	WT	QGVDDAFYTLVR_7	4
WT_3	WT	QGVEDAFYTLVR_6.9	2
WT_3	WT	QGVEDAFYTLVR_12.9	2
WT_3	WT	SALTIQLIQNHFVDEYDPTIEDSYR_-7.1	2
WT_3	WT	SALTIQLIQNHFVDEYDPTIEDSYRK_45	2
WT_3	WT	TGEGFLCVFAINNTK_92.9	4
WT_3	WT	TGEGFLCVFAINNTK_99	2
WT_3	WT	TGEGFLCVFAINNTK_110	2
WT_3	WT	QVVIDGETCLLDILDTAGQEEYSAMRDQYMR_41	2
WT_3	WT	TGEGFLCVFAINNTK_166	2
WT_3	WT	KQVVIDGETCLLDILDTAGQEEYSAMR_24.1	2
WT_3	WT	TGEGFLCVFAINNTK_78	4
WT_3	WT	TGEGFLCVFAINNTK_13.9	4
WT_3	WT	TGEGFLCVFAINNTK_44	2
WT_3	WT	SYGIPFIETSAK_1	2
WT_3	WT	KQVVIDGETCLLDILDTAGQEEYSAMR_76.9	2
WT_3	WT	KQVVIDGETCLLDILDTAGQEEYSAMR_52.9	2
WT_3	WT	KQVVIDGETCLLDILDTAGQEEYSAMR_38.9	4
WT_3	WT	KQVVIDGETCLLDILDTAGQEEYSAMR_21.9	2
WT_3	WT	TGEGFLCVFAINNTK_60.9	4
WT_3	WT	TGEGFLCVFAINNTK_249.1	5
WT_3	WT	TGEGFLCVFAINNTK_23.9	2
WT_3	WT	KQVVIDGETCLLDILDTAGQEEYSAMRDQYMR_22	2
WT_3	WT	QVVIDGETCLLDILDTAGQEEYSAMR_75.9	5
WT_3	WT	QVVIDGETCLLDILDTAGQEEYSAMRDQYMR_96.1	2
WT_3	WT	QVVIDGETCLLDILDTAGQEEYSAMR_138	2
WT_3	WT	QVVIDGETCLLDILDTAGQEEYSAMR_17	2
WT_3	WT	QVVIDGETCLLDILDTAGQEEYSAMRDQYMR_38	2
WT_3	WT	QVVIDGETCLLDILDTAGQEEYSAMR_109	5
WT_3	WT	QVVIDGETCLLDILDTAGQEEYSAMR_139	2
WT_3	WT	QVVIDGETCLLDILDTAGQEEYSAMRDQYMR_-57	2
WT_3	WT	QVVIDGETCLLDILDTAGQEEYSAMR_-19.1	2
WT_3	WT	QVVIDGETCLLDILDTAGQEEYSAMR_-35	2
WT_3	WT	QVVIDGETCLLDILDTAGQEEYSAMR_-56	2
WT_3	WT	QVVIDGETCLLDILDTAGQEEYSAMRDQYMR_-13	2
WT_3	WT	TGEGFLCVFAINNTK_164.2	2
WT_3	WT	QVVIDGETCLLDILDTAGQEEYSAMR_77.9	2
WT_3	WT	KQVVIDGETCLLDILDTAGQEEYSAMR_-7.1	2
WT_3	WT	QVVIDGETCLLDILDTAGQEEYSAMR_-74.1	4
WT_3	WT	QVVIDGETCLLDILDTAGQEEYSAMR_-3.1	2
WTi_1	WTi	QAQDLAR_0	6
WTi_1	WTi	TVDTKQAQDLAR_0	10
WTi_1	WTi	SFEDIHHYR_0	207
WTi_1	WTi	SFEDIHHYR_-87	25
WTi_1	WTi	SFEDIHHYR_37.9	6
WTi_1	WTi	LVVVGAGGVGK_128.1	6
WTi_1	WTi	SFEDIHHYREQIKR_0	65
WTi_1	WTi	SFEDIHHYREQIKR_37.9	4
WTi_1	WTi	SFEDIHHYREQIKR_38	2
WTi_1	WTi	YDPTIEDSYRK_0	12
WTi_1	WTi	SFEDIHHYREQIK_0	12
WTi_1	WTi	RVKDSEDVPMVLVGNK_0	40
WTi_1	WTi	LVVVGAGGVGK_-0.1	8
WTi_1	WTi	LVVVGAGGVGK_0	64
WTi_1	WTi	LVVVGAGGVGK_-18	8
WTi_1	WTi	LVVVGAGGVGK_24	2
WTi_1	WTi	SFEDIHHYR_43	6
WTi_1	WTi	VKDSEDVPMVLVGNK_0	237
WTi_1	WTi	VKDSEDVPMVLVGNK_1	42
WTi_1	WTi	VKDSEDVPMVLVGNK_53.9	14
WTi_1	WTi	VKDSEDVPMVLVGNK_38	8
WTi_1	WTi	VKDSEDVPMVLVGNK_22	46
WTi_1	WTi	VKDSEDVPMVLVGNK_23	6
WTi_1	WTi	VKDSEDVPMVLVGNK_24	23
WTi_1	WTi	YDPTIEDSYR_0	8
WTi_1	WTi	VKDSEDVPMVLVGNK_2	6
WTi_1	WTi	VKDSEDVPMVLVGNK_156.1	6
WTi_1	WTi	DSEDVPMVLVGNKCDLPSRTVDTK_227.2	19
WTi_1	WTi	VKDSEDVPMVLVGNKCDLPSR_0	98
WTi_1	WTi	SFEDIHHYR_183	8
WTi_1	WTi	VKDSEDVPMVLVGNKCDLPSR_156.1	6
WTi_1	WTi	MTEYKLVVVGAGGVGK_103	12
WTi_1	WTi	VKDSEDVPMVLVGNK_37.9	34
WTi_1	WTi	VKDSEDVPMVLVGNK_21.9	4
WTi_1	WTi	VKDSEDVPMVLVGNK_-17	22
WTi_1	WTi	VKDSEDVPMVLVGNK_-35	19
WTi_1	WTi	VKDSEDVPMVLVGNK_-18	8
WTi_1	WTi	VKDSDDVPMVLVGNK_66.9	2
WTi_1	WTi	DSEDVPMVLVGNK_0	63
WTi_1	WTi	VKDSEDVPMVLVGNK_-99.1	6
WTi_1	WTi	YDPTIEDSYRK_490.2	21
WTi_1	WTi	VKDSEDVPMVLVGNK_75.9	2
WTi_1	WTi	VKDSEDVPMVLVGNKCDLPSR_-25	54
WTi_1	WTi	VKDSEDVPMVLVGNK_-0.2	4
WTi_1	WTi	VKDSEDVPMVLVGNKCDLPSR_12.9	10
WTi_1	WTi	VKDSEDVPMVLVGNKCDLPSR_-9	48
WTi_1	WTi	VKDSEDVPMVLVGNKCDLPSR_28.9	10
WTi_1	WTi	VKDSEDVPMVLVGNKCDLPSR_-57	31
WTi_1	WTi	VKDSEDVPMVLVGNKCDLPSR_37.9	31
WTi_1	WTi	VKDSEDVPMVLVGNKCDLPSR_23	8
WTi_1	WTi	VKDSEDVPMVLVGNKCDLPSR_22	14
WTi_1	WTi	VKDSEDVPMVLVGNKCDLPSR_3	23
WTi_1	WTi	VKDSEDVPMVLVGNKCDLPSR_24	6
WTi_1	WTi	VKDSEDVPMVLVGNKCDLPSR_38	4
WTi_1	WTi	VKDSEDVPMVLVGNKCDLPSR_4	4
WTi_1	WTi	VKDSEDVPMVLVGNKCDLPSR_1	8
WTi_1	WTi	VKDSEDVPMVLVGNKCDLPSR_15	25
WTi_1	WTi	VKDSEDVPMVLVGNKCDLPSR_21.9	4
WTi_1	WTi	VKDSEDVPMVLVGNKCDLPSR_248.1	2
WTi_1	WTi	VKDSEDVPMVLVGNKCDLPSR_248	8
WTi_1	WTi	DSEDVPMVLVGNKCDLPSR_0	50
WTi_1	WTi	VKDSEDVPMVLVGNKCDLPSR_79	6
WTi_1	WTi	VKDSEDVPMVLVGNKCDLPSR_487.3	2
WTi_1	WTi	MTEYKLVVVGAGGVGK_45	6
WTi_1	WTi	MTEYKLVVVGAGGVGK_87	21
WTi_1	WTi	TEYKLVVVGAGGVGK_219.1	2
WTi_1	WTi	DSEDVPMVLVGNK_227.2	10
WTi_1	WTi	TEYKLVVVGAGGVGK_218.9	2
WTi_1	WTi	VKDSEDVPMVLVGNK_43	18
WTi_1	WTi	VKDSEDVPMVLVGNKCDLPSR_95	6
WTi_1	WTi	VKDSEDVPMVLVGNKCDLPSR_138	10
WTi_1	WTi	DSEDVPMVLVGNK_-115	6
WTi_1	WTi	VKDSEDVPMVLVGNKCDLPSR_-3.1	10
WTi_1	WTi	VKDSEDVPMVLVGNKCDLPSR_-2.1	2
WTi_1	WTi	VKDSEDVPMVLVGNKCDLPSR_-8	6
WTi_1	WTi	YDPTIEDSYR_490.2	8
WTi_1	WTi	VKDSEDVPMVLVGNKCDLPSR_93	19
WTi_1	WTi	VKDSEDVPMVLVGNKCDLPSR_94	4
WTi_1	WTi	VKDSEDVPMVLVGNKCDLPSR_92	2
WTi_1	WTi	VKDSEDVPMVLVGNKCDLPSR_6.9	4
WTi_1	WTi	SYGIPFIETSAKTR_0	53
WTi_1	WTi	DSEDVPMVLVGNK_6	4
WTi_1	WTi	DSEDVPMVLVGNK_22	35
WTi_1	WTi	DSEDVPMVLVGNKCDLPSR_1	4
WTi_1	WTi	DSEDVPMVLVGNK_37.9	14
WTi_1	WTi	DSEDVPMVLVGNK_23	2
WTi_1	WTi	TRQGVDDAFYTLVR_0	56
WTi_1	WTi	TRQGVDDAFYTLVR_38	2
WTi_1	WTi	TRQGVDDAFYTLVR_1	16
WTi_1	WTi	VKDSEDVPMVLVGNKCDLPSR_109	8
WTi_1	WTi	TRQGVDDAFYTLVR_37.9	15
WTi_1	WTi	TRQGVDDAFYTLVR_24	4
WTi_1	WTi	TRQGVDDAFYTLVR_-18	27
WTi_1	WTi	TRQGVDDAFYTLVR_2	6
WTi_1	WTi	TRQGVDDAFYTLVR_22	8
WTi_1	WTi	LVVVGAGGVGK_43	6
WTi_1	WTi	VKDSEDVPMVLVGNKCDLPSR_76.9	2
WTi_1	WTi	VKDSEDVPMVLVGNKCDLPSR_77	4
WTi_1	WTi	DSEDVPMVLVGNKCDLPSR_-25	10
WTi_1	WTi	DSEDVPMVLVGNKCDLPSR_-9	6
WTi_1	WTi	SALTIQLIQNHFVDEYDPTIEDSYRK_0	595
WTi_1	WTi	VEDAFYTLVR_-14	12
WTi_1	WTi	SYGIPFIETSAK_0	129
WTi_1	WTi	TGEGFLCVFAINNTK_218.1	6
WTi_1	WTi	TGEGFLCVFAINNTK_408.2	6
WTi_1	WTi	SYGIPFIETSAK_37.9	2
WTi_1	WTi	SYGIPFIETSAK_2	23
WTi_1	WTi	TGEGFLCVFAINNTK_-27	6
WTi_1	WTi	SYGIPFIETSAK_22	10
WTi_1	WTi	TGEGFLCVFAINNTK_-27.1	2
WTi_1	WTi	SYGIPFIETSAK_24	4
WTi_1	WTi	SYGIPFIETSAK_-18	2
WTi_1	WTi	SYGIPFIETSAK_-17	2
WTi_1	WTi	SYGIPYIETSAK_21.9	2
WTi_1	WTi	SYGIPYIETSAK_37.9	4
WTi_1	WTi	SYGIPFIETSAK_53.9	4
WTi_1	WTi	TGEGFLCVFAINNTKSFEDIHHYREQIK_156.1	12
WTi_1	WTi	SYGIPFIETSAK_-4	18
WTi_1	WTi	TGEGFLCVFAINNTK_0	290
WTi_1	WTi	QGVDDAFYTLVR_0	80
WTi_1	WTi	QGVDDAFYTLVR_37.9	27
WTi_1	WTi	QGVEDAFYTLVR_8	6
WTi_1	WTi	QGVDDAFYTLVR_-17	67
WTi_1	WTi	QGVDDAFYTLVR_-18	14
WTi_1	WTi	QGVDDAFYTLVR_22	8
WTi_1	WTi	QGVDDAFYTLVR_53.9	8
WTi_1	WTi	QGVDDAFYTLVR_5	38
WTi_1	WTi	QGVEDAFYTLVR_23.9	4
WTi_1	WTi	QGVDDAFYTLVR_4	2
WTi_1	WTi	QGVEDAFYTLVR_27.9	2
WTi_1	WTi	TGEGFLCVFAINNTK_149.1	8
WTi_1	WTi	TGEGFLCVFAINNTKSFEDIHHYR_0	10
WTi_1	WTi	TGEGFLCVFAINNTKSFEDIHHYR_-1	2
WTi_1	WTi	SALTIQLIQNHFVDEYDPTIEDSYRK_1	65
WTi_1	WTi	SALTIQLIQNHFVDEYDPTIEDSYRK_38.9	17
WTi_1	WTi	QGVDDAFYTLVR_1	4
WTi_1	WTi	SALTIQLIQNHFVDEYDPTIEDSYR_128.1	20
WTi_1	WTi	TGEGFLCVFAINNTK_301.1	8
WTi_1	WTi	SALTIQLIQNHFVDEYDPTIEDSYRK_-17	32
WTi_1	WTi	SALTIQLIQNHFVDEYDPTIEDSYRK_20.9	8
WTi_1	WTi	SALTIQLIQNHFVDEYDPTIEDSYRK_-18	32
WTi_1	WTi	SALTIQLIQNHFVDEYDPTIEDSYRK_22	64
WTi_1	WTi	SALTIQLIQNHFVDEYDPTIEDSYRK_37.9	69
WTi_1	WTi	SALTIQLIQNHFVDEYDPTIEDSYRK_23	35
WTi_1	WTi	SALTIQLIQNHFVDEYDPTIEDSYRK_24	14
WTi_1	WTi	LVVVGAGGVGKSALTIQLIQNHFVDEYDPTIEDSYRK_23	2
WTi_1	WTi	SALTIQLIQNHFVDEYDPTIEDSYRK_60.9	4
WTi_1	WTi	YDPTIEDSYRK_244.1	10
WTi_1	WTi	SALTIQLIQNHFVDEYDPTIEDSYRK_38	14
WTi_1	WTi	SALTIQLIQNHFVDEYDPTIEDSYRK_2	10
WTi_1	WTi	SALTIQLIQNHFVDEYDPTIEDSYRK_75.9	4
WTi_1	WTi	SALTIQLIQNHFVDEYDPTIEDSYRK_59.9	6
WTi_1	WTi	SALTIQLIQNHFVDEYDPTIEDSYRK_53.9	6
WTi_1	WTi	SALTIQLIQNHFVDEYDPTIEDSYRK_3	14
WTi_1	WTi	SALTIQLIQNHFVDEYDPTIEDSYRK_22.9	4
WTi_1	WTi	YDPTIEDSYRK_129	4
WTi_1	WTi	LVVVGAGGVGKSALTIQLIQNHFVDEYDPTIEDSYRK_92.8	4
WTi_1	WTi	SALTIQLIQNHFVDEYDPTIEDSYRK_-35	4
WTi_1	WTi	SALTIQLIQNHFVDEYDPTIEDSYRK_16	38
WTi_1	WTi	SALTIQLIQNHFVDEYDPTIEDSYRK_4	8
WTi_1	WTi	SALTIQLIQNHFVDEYDPTIEDSYRK_36.9	2
WTi_1	WTi	SALTIQLIQNHFVDEYDPTIEDSYRK_32	2
WTi_1	WTi	SALTIQLIQNHFVDEYDPTIEDSYRK_15	2
WTi_1	WTi	SALTIQLIQNHFVDEYDPTIEDSYRK_80	14
WTi_1	WTi	TGEGFLCVFAINNTK_16	30
WTi_1	WTi	SALTIQLIQNHFVDEYDPTIEDSYR_1	59
WTi_1	WTi	SALTIQLIQNHFVDEYDPTIEDSYR_38.9	10
WTi_1	WTi	TGEGFLCVFAINNTK_109	71
WTi_1	WTi	TGEGFLCVFAINNTK_15	13
WTi_1	WTi	TGEGFLCVFAINNTK_-57	50
WTi_1	WTi	TGEGFLCVFAINNTK_22	25
WTi_1	WTi	TGEGFLCVFAINNTK_38	4
WTi_1	WTi	TGEGFLCVFAINNTK_24	10
WTi_1	WTi	TGEGFLCVFAINNTK_37.9	8
WTi_1	WTi	TGEGFLCVFAINNTK_62	6
WTi_1	WTi	TGEGFLCVFAINNTK_-17	8
WTi_1	WTi	TGEGFLCVFAINNTK_53.9	10
WTi_1	WTi	TGEGFLCVFAINNSK_-4	10
WTi_1	WTi	TGEGFLCVFAINNTK_-16	4
WTi_1	WTi	TGEGFLCVFAINNTK_-101	4
WTi_1	WTi	TGEGFLCVFAINNTK_-18	8
WTi_1	WTi	TGEGFLCVFAINNTK_-20.1	6
WTi_1	WTi	TGEGFLCVFAINNTK_55.9	2
WTi_1	WTi	SALTIQLIQNHFVDEYDPTIEDSYRK_183	16
WTi_1	WTi	TGEGFLCVFAINNTK_-1	6
WTi_1	WTi	TGEGFLCVFAINNTK_248.1	6
WTi_1	WTi	TGEGFLCVFAINNTK_248	14
WTi_1	WTi	SYGIPFIETSAK_43	12
WTi_1	WTi	TGEGFLCVFAINNTK_125	10
WTi_1	WTi	SALTIQLIQNHFVDEYDPTIEDSYR_-17	4
WTi_1	WTi	SALTIQLIQNHFVDEYDPTIEDSYR_0	279
WTi_1	WTi	SALTIQLIQNHFVDEYDPTIEDSYR_37.9	79
WTi_1	WTi	SALTIQLIQNHFVDEYDPTIEDSYR_22	67
WTi_1	WTi	SALTIQLIQNHFVDEYDPTIEDSYR_38	27
WTi_1	WTi	SALTIQLIQNHFVDEYDPTIEDSYR_23	38
WTi_1	WTi	TGEGFLCVFAINNTK_79	21
WTi_1	WTi	SALTIQLIQNHFVDEYDPTIEDSYR_24	29
WTi_1	WTi	SALTIQLIQNHFVDEYDPTIEDSYR_59.9	2
WTi_1	WTi	TGEGFLCVFAINNTK_25	8
WTi_1	WTi	SALTIQLIQNHFVDEYDPTIEDSYR_3	21
WTi_1	WTi	SALTIQLIQNHFVDEYDPTIEDSYR_53.9	24
WTi_1	WTi	SALTIQLIQNHFVDEYDPTIEDSYR_60.9	12
WTi_1	WTi	SALTIQLIQNHFVDEYDPTIEDSYR_75.9	10
WTi_1	WTi	SALTIQLIQNHFVDEYDPTIEDSYR_91.9	2
WTi_1	WTi	SALTIQLIQNHFVDEYDPTIEDSYR_61.9	4
WTi_1	WTi	TGEGFLCVFAINNTK_184	12
WTi_1	WTi	SALTIQLIQNHFVDEYDPTIEDSYR_52.9	4
WTi_1	WTi	TGEGFLCVFAINNTK_93	46
WTi_1	WTi	SALTIQLIQNHFVDEYDPTIEDSYR_-8.1	2
WTi_1	WTi	SALTIQLIQNHFVDEYDPTIEDSYR_-9.1	10
WTi_1	WTi	TGEGFLCVFAINNTK_128	10
WTi_1	WTi	SALTIQLIQNHFVDEYDPTIEDSYR_-9.2	12
WTi_1	WTi	TGEGFLCVFAINNTK_-14	8
WTi_1	WTi	TGEGFLCVFAINNTK_1	10
WTi_1	WTi	TGEGFLCVFAINNTK_80	6
WTi_1	WTi	TGEGFLCVFAINNTK_152	15
WTi_1	WTi	TGEGFLCVFAINNTK_167	32
WTi_1	WTi	SYGIPFIETSAKTRQGVDDAFYTLVR_0	12
WTi_1	WTi	TGEGFLCVFAINNTK_168	25
WTi_1	WTi	TGEGFLCVFAINNTK_32	14
WTi_1	WTi	TGEGFLCVFAINNTK_177	36
WTi_1	WTi	TGEGFLCVFAINNTK_172	2
WTi_1	WTi	TGEGFLCVFAINNTK_94	12
WTi_1	WTi	TGEGFLCVFAINNTK_153	2
WTi_1	WTi	TGEGFLCVFAINNTK_47	2
WTi_1	WTi	TGEGFLCVFAINNTK_77	38
WTi_1	WTi	TGEGFLCVFAINNSK_-3	4
WTi_1	WTi	TGEGFLCVFAINNTK_138	25
WTi_1	WTi	TGEGFLCVFAINNTK_161.9	8
WTi_1	WTi	TGEGFLCVFAINNTK_-35	8
WTi_1	WTi	TGEGFLCVFAINNTK_38.9	2
WTi_1	WTi	TGEGFLCVFAINNTK_4	4
WTi_1	WTi	TGEGFLCVFAINNTK_17	37
WTi_1	WTi	TGEGFLCVFAINNTK_140	2
WTi_1	WTi	TGEGFLCVFAINNTK_-4.9	4
WTi_1	WTi	TGEGFLCVFAINNTK_304	2
WTi_1	WTi	QGVDDAFYTLVR_43	8
WTi_1	WTi	TGEGFLCVFAINNTK_13	4
WTi_1	WTi	TGEGFLCVFAINNTK_-2	10
WTi_1	WTi	TGEGFLCVFAINNTK_290	14
WTi_1	WTi	QGVDDAFYTLVR_6.9	2
WTi_1	WTi	QGVDDAFYTLVREIR_0	10
WTi_1	WTi	TGEGFLCVFAINNTK_96	10
WTi_1	WTi	QGVDDAFYTLVREIR_1	2
WTi_1	WTi	TGEGFLCVFAINNTK_127	6
WTi_1	WTi	QGVEDAFYTLVR_6.9	2
WTi_1	WTi	SALTIQLIQNHFVDEYDPTIEDSYRK_-0.9	2
WTi_1	WTi	QGVEDAFYTLVR_22.9	6
WTi_1	WTi	TGEGFLCVFAINNTK_61	4
WTi_1	WTi	TGEGFLCVFAINNTK_170	2
WTi_1	WTi	TGEGFLCVFAINNTK_151	17
WTi_1	WTi	QGVDDAFYTLVR_4.9	2
WTi_1	WTi	TGEGFLCVFAINNTK_116.9	4
WTi_1	WTi	TGEGFLCVFAINNTK_179	14
WTi_1	WTi	SALTIQLIQNHFVDEYDPTIEDSYRK_43	10
WTi_1	WTi	TGEGFLCVFAINNTK_131	4
WTi_1	WTi	TGEGFLCVFAINNTK_112	6
WTi_1	WTi	TGEGFLCVFAINNTK_165	10
WTi_1	WTi	TGEGFLCVFAINNTK_228.9	4
WTi_1	WTi	KQVVIDGETCLLDILDTAGQEEYSAMRDQYMR_0	77
WTi_1	WTi	KQVVIDGETCLLDILDTAGQEEYSAMRDQYMR_1	19
WTi_1	WTi	SALTIQLIQNHFVDEYDPTIEDSYR_2	2
WTi_1	WTi	TGEGFLCVFAINNTK_-9	21
WTi_1	WTi	TGEGFLCVFAINNTK_45	8
WTi_1	WTi	TGEGFLCVFAINNTK_100.9	8
WTi_1	WTi	TGEGFLCVFAINNTK_7	6
WTi_1	WTi	KQVVIDGETCLLDILDTAGQEEYSAMR_15	14
WTi_1	WTi	TGEGFLCVFAINNTK_262	2
WTi_1	WTi	TGEGFLCVFAINNTK_245	2
WTi_1	WTi	KQVVIDGETCLLDILDTAGQEEYSAMR_0	144
WTi_1	WTi	KQVVIDGETCLLDILDTAGQEEYSAMR_53.9	18
WTi_1	WTi	KQVVIDGETCLLDILDTAGQEEYSAMR_4	12
WTi_1	WTi	KQVVIDGETCLLDILDTAGQEEYSAMR_21.9	6
WTi_1	WTi	KQVVIDGETCLLDILDTAGQEEYSAMR_23	32
WTi_1	WTi	KQVVIDGETCLLDILDTAGQEEYSAMR_-1	6
WTi_1	WTi	KQVVIDGETCLLDILDTAGQEEYSAMR_22	40
WTi_1	WTi	SALTIQLIQNHFVDEYDPTIEDSYRK_-1	18
WTi_1	WTi	KQVVIDGETCLLDILDTAGQEEYSAMR_1	35
WTi_1	WTi	TGEGFLCVFAINNTK_141	15
WTi_1	WTi	TGEGFLCVFAINNTK_159	6
WTi_1	WTi	TGEGFLCVFAINNTK_229	8
WTi_1	WTi	SALTIQLIQNHFVDEYDPTIEDSYR_-1	8
WTi_1	WTi	TGEGFLCVFAINNTK_28.9	107
WTi_1	WTi	TGEGFLCVFAINNTK_12.9	92
WTi_1	WTi	TGEGFLCVFAINNTK_13.9	8
WTi_1	WTi	QVVIDGETCLLDILDTAGQEEYSAMRDQYMR_316.2	2
WTi_1	WTi	TGEGFLCVFAINNTK_-25	30
WTi_1	WTi	TGEGFLCVFAINNTK_43	8
WTi_1	WTi	TGEGFLCVFAINNTK_193	2
WTi_1	WTi	TGEGFLCVFAINNTK_-3.1	33
WTi_1	WTi	TGEGFLCVFAINNTK_193.1	2
WTi_1	WTi	QVVIDGETCLLDILDTAGQEEYSAMR_144.1	6
WTi_1	WTi	TGEGFLCVFAINNTK_-0.1	6
WTi_1	WTi	TGEGFLCVFAINNTK_15.9	2
WTi_1	WTi	TGEGFLCVFAINNTK_-3	6
WTi_1	WTi	TGEGFLCVFAINNTK_-24	2
WTi_1	WTi	TGEGFLCVFAINNTK_143	18
WTi_1	WTi	QVVIDGETCLLDILDTAGQEEYSAMR_17	2
WTi_1	WTi	TGEGFLCVFAINNTK_164.9	10
WTi_1	WTi	TGEGFLCVFAINNTK_180.9	6
WTi_1	WTi	KQVVIDGETCLLDILDTAGQEEYSAMR_138	16
WTi_1	WTi	SALTIQLIQNHFVDEYDPTIEDSYR_43	2
WTi_1	WTi	TGEGFLCVFAINNTK_221	6
WTi_1	WTi	TGEGFLCVFAINNTK_221.1	2
WTi_1	WTi	TGEGFLCVFAINNTK_-7	2
WTi_1	WTi	QVVIDGETCLLDILDTAGQEEYSAMRDQYMR_0	103
WTi_1	WTi	QVVIDGETCLLDILDTAGQEEYSAMRDQYMR_22	14
WTi_1	WTi	QVVIDGETCLLDILDTAGQEEYSAMRDQYMR_38.9	4
WTi_1	WTi	QVVIDGETCLLDILDTAGQEEYSAMR_71.1	27
WTi_1	WTi	QVVIDGETCLLDILDTAGQEEYSAMRDQYMR_-1	6
WTi_1	WTi	KQVVIDGETCLLDILDTAGQEEYSAMR_37.9	33
WTi_1	WTi	KQVVIDGETCLLDILDTAGQEEYSAMR_2	21
WTi_1	WTi	KQVVIDGETCLLDILDTAGQEEYSAMR_75.9	6
WTi_1	WTi	KQVVIDGETCLLDILDTAGQEEYSAMR_38.9	4
WTi_1	WTi	KQVVIDGETCLLDILDTAGQEEYSAMR_23.9	6
WTi_1	WTi	QVVIDGETCLLDILDTAGQEEYSAMRDQYMR_21	2
WTi_1	WTi	KQVVIDGETCLLDILDTAGQEEYSAMR_60.9	2
WTi_1	WTi	KQVVIDGETCLLDILDTAGQEEYSAMR_76.9	2
WTi_1	WTi	KQVVIDGETCLLDILDTAGQEEYSAMR_24	16
WTi_1	WTi	TGEGFLCVFAINNTK_60.9	2
WTi_1	WTi	QVVIDGETCLLDILDTAGQEEYSAMR_114.1	8
WTi_1	WTi	TGEGFLCVFAINNTK_6.9	8
WTi_1	WTi	QVVIDGETCLLDILDTAGQEEYSAMRDQYMR_1	10
WTi_1	WTi	TGEGFLCVFAINNTK_44.9	8
WTi_1	WTi	QVVIDGETCLLDILDTAGQEEYSAMR_128.1	10
WTi_1	WTi	KQVVIDGETCLLDILDTAGQEEYSAMRDQYMR_38	2
WTi_1	WTi	QVVIDGETCLLDILDTAGQEEYSAMR_103.1	4
WTi_1	WTi	QVVIDGETCLLDILDTAGQEEYSAMR_15	8
WTi_1	WTi	KQVVIDGETCLLDILDTAGQEEYSAMRDQYMR_37.9	8
WTi_1	WTi	QVVIDGETCLLDILDTAGQEEYSAMR_0	58
WTi_1	WTi	QVVIDGETCLLDILDTAGQEEYSAMR_53.9	8
WTi_1	WTi	KQVVIDGETCLLDILDTAGQEEYSAMR_167	6
WTi_1	WTi	QVVIDGETCLLDILDTAGQEEYSAMR_1	41
WTi_1	WTi	QVVIDGETCLLDILDTAGQEEYSAMR_54	2
WTi_1	WTi	QVVIDGETCLLDILDTAGQEEYSAMR_22	40
WTi_1	WTi	QVVIDGETCLLDILDTAGQEEYSAMR_23	12
WTi_1	WTi	QVVIDGETCLLDILDTAGQEEYSAMR_75.9	8
WTi_1	WTi	SALTIQLIQNHFVDEYDPTIEDSYR_-1.1	4
WTi_1	WTi	QVVIDGETCLLDILDTAGQEEYSAMR_4	14
WTi_1	WTi	KQVVIDGETCLLDILDTAGQEEYSAMR_93	4
WTi_1	WTi	QVVIDGETCLLDILDTAGQEEYSAMR_138	6
WTi_1	WTi	KQVVIDGETCLLDILDTAGQEEYSAMR_109	4
WTi_1	WTi	QVVIDGETCLLDILDTAGQEEYSAMR_-25	17
WTi_1	WTi	QVVIDGETCLLDILDTAGQEEYSAMRDQYMR_37.9	14
WTi_1	WTi	QVVIDGETCLLDILDTAGQEEYSAMRDQYMR_-17	27
WTi_1	WTi	QVVIDGETCLLDILDTAGQEEYSAMRDQYMR_23	4
WTi_1	WTi	QVVIDGETCLLDILDTAGQEEYSAMR_37.9	16
WTi_1	WTi	QVVIDGETCLLDILDTAGQEEYSAMR_24	6
WTi_1	WTi	QVVIDGETCLLDILDTAGQEEYSAMR_38	17
WTi_1	WTi	QVVIDGETCLLDILDTAGQEEYSAMR_-17	69
WTi_1	WTi	QVVIDGETCLLDILDTAGQEEYSAMR_-57	10
WTi_1	WTi	QVVIDGETCLLDILDTAGQEEYSAMR_-19.1	2
WTi_1	WTi	QVVIDGETCLLDILDTAGQEEYSAMR_109	2
WTi_1	WTi	QVVIDGETCLLDILDTAGQEEYSAMR_-24	2
WTi_1	WTi	QVVIDGETCLLDILDTAGQEEYSAMR_20.9	14
WTi_1	WTi	QVVIDGETCLLDILDTAGQEEYSAMR_-2	2
WTi_1	WTi	QVVIDGETCLLDILDTAGQEEYSAMR_21.9	2
WTi_1	WTi	QVVIDGETCLLDILDTAGQEEYSAMR_-16	10
WTi_1	WTi	QVVIDGETCLLDILDTAGQEEYSAMR_-35	2
WTi_1	WTi	QVVIDGETCLLDILDTAGQEEYSAMR_-74	10
WTi_1	WTi	QVVIDGETCLLDILDTAGQEEYSAMR_43	2
WTi_1	WTi	QVVIDGETCLLDILDTAGQEEYSAMR_-72	2
WTi_1	WTi	QVVIDGETCLLDILDTAGQEEYSAMR_-74.1	2
WTi_1	WTi	SFEDIHHYR_-0.1	4
WTi_1	WTi	TVDTKQAQDLAR_37.9	2
WTi_1	WTi	SFEDIHHYR_0.1	2
WTi_1	WTi	SFEDIHHYR_-18	2
WTi_1	WTi	SFEDIHHYR_53.9	2
WTi_1	WTi	SFEDIHHYREQIKR_-87	2
WTi_1	WTi	LVVVGAGGVGK_340.2	4
WTi_1	WTi	MTEYKLVVVGAGGVGK_61	2
WTi_1	WTi	VKDSEDVPMVLVGNK_52.9	4
WTi_1	WTi	VKDSDDVPMVLVGNK_-85	2
WTi_1	WTi	VKDSDDVPMVLVGNK_38	2
WTi_1	WTi	VKDSEDVPMVLVGNKCDLPSR_-25.1	2
WTi_1	WTi	VKDSEDVPMVLVGNKCDLPSR_-1	2
WTi_1	WTi	VKDSEDVPMVLVGNKCDLPSR_6	4
WTi_1	WTi	VKDSEDVPMVLVGNKCDLPSR_284.1	2
WTi_1	WTi	VKDSEDVPMVLVGNKCDLPSR_8	2
WTi_1	WTi	VKDSEDVPMVLVGNKCDLPSR_22.9	2
WTi_1	WTi	VKDSEDVPMVLVGNKCDLPSR_37	2
WTi_1	WTi	DSEDVPMVLVGNK_38	2
WTi_1	WTi	TRQGVDDAFYTLVR_53.9	2
WTi_1	WTi	TRQGVDDAFYTLVR_0.1	2
WTi_1	WTi	TGEGFLCVFAINNTK_408.1	6
WTi_1	WTi	TGEGFLCVFAINNTK_409.1	2
WTi_1	WTi	TGEGFLCVFAINNTKSFEDIHQYREQIK_165.1	2
WTi_1	WTi	SYGIPFIETSAK_382.1	6
WTi_1	WTi	SYGIPFIETSAK_57	2
WTi_1	WTi	QGVEDAFYTLVR_39.9	2
WTi_1	WTi	QGVDDAFYTLVR_24	2
WTi_1	WTi	QGVDDAFYTLVR_-35	4
WTi_1	WTi	QGVDDAFYTLVR_-36	2
WTi_1	WTi	QGVEDAFYTLVR_9.9	2
WTi_1	WTi	QGVDDAFYTLVR_3	2
WTi_1	WTi	SALTIQLIQNHFVDEYDPTIEDSYRK_17	2
WTi_1	WTi	SALTIQLIQNHFVDEYDPTIEDSYR_166	2
WTi_1	WTi	TRQGVDDAFYTLVREIR_0	2
WTi_1	WTi	SALTIQLIQNHFVDEYDPTIEDSYRK_21.9	2
WTi_1	WTi	SALTIQLIQNHFVDEYDPTIEDSYRK_114.5	2
WTi_1	WTi	SYGIPFIETSAK_1	2
WTi_1	WTi	SALTIQLIQNHFVDEYDPTIEDSYRK_117.9	2
WTi_1	WTi	TGEGFLCVFAINNTKSFEDIHQYR_491.4	2
WTi_1	WTi	TGEGFLCVFAINNSK_-2	2
WTi_1	WTi	TGEGFLCVFAINNTK_55	2
WTi_1	WTi	TGEGFLCVFAINNTK_286	4
WTi_1	WTi	SALTIQLIQNHFVDEYDPTIEDSYR_-18	4
WTi_1	WTi	TGEGFLCVFAINNTK_199	4
WTi_1	WTi	TGEGFLCVFAINNTK_207	2
WTi_1	WTi	TGEGFLCVFAINNTK_95	4
WTi_1	WTi	TGEGFLCVFAINNTK_160	2
WTi_1	WTi	TGEGFLCVFAINNTK_319	4
WTi_1	WTi	KQVVIDGETCLLDILDTAGQEEYSAMR_41	2
WTi_1	WTi	QGVDDAFYTLVR_7	2
WTi_1	WTi	QRVEDAFYTLVR_-108.1	2
WTi_1	WTi	TGEGFLCVFAINNTK_244.9	4
WTi_1	WTi	TGEGFLCVFAINNTK_33	2
WTi_1	WTi	TGEGFLCVFAINNTK_132.9	2
WTi_1	WTi	TGEGFLCVFAINNTK_226.9	2
WTi_1	WTi	TGEGFLCVFAINNTK_92.9	2
WTi_1	WTi	KQVVIDGETCLLDILDTAGQEEYSAMR_24.1	2
WTi_1	WTi	KQVVIDGETCLLDILDTAGQEEYSAMRDQYMR_-1	4
WTi_1	WTi	TGEGFLCVFAINNTK_230	2
WTi_1	WTi	TGEGFLCVFAINNTK_-8	2
WTi_1	WTi	TGEGFLCVFAINNTK_-2.1	2
WTi_1	WTi	TGEGFLCVFAINNTK_144	2
WTi_1	WTi	KQVVIDGETCLLDILDTAGQEEYSAMR_61.9	4
WTi_1	WTi	KQVVIDGETCLLDILDTAGQEEYSAMR_38	4
WTi_1	WTi	QVVIDGETCLLDILDTAGQEEYSAMR_86.1	2
WTi_1	WTi	TGEGFLCVFAINNTK_22.9	2
WTi_1	WTi	TGEGFLCVFAINNTK_7.9	2
WTi_1	WTi	KQVVIDGETCLLDILDTAGQEEYSAMR_79	2
WTi_1	WTi	KQVVIDGETCLLDILDTAGQEEYSAMR_12.9	2
WTi_1	WTi	QVVIDGETCLLDILDTAGQEEYSAMR_38.9	2
WTi_1	WTi	KQVVIDGETCLLDILDTAGQEEYSAMR_92.9	2
WTi_1	WTi	QVVIDGETCLLDILDTAGQEEYSAMRDQYMR_-57	2
WTi_1	WTi	QVVIDGETCLLDILDTAGQEEYSAMR_93	2
WTi_1	WTi	QVVIDGETCLLDILDTAGQEEYSAMR_-15	2
WTi_1	WTi	QVVIDGETCLLDILDTAGQEEYSAMR_77	2
WTi_1	WTi	QVVIDGETCLLDILDTAGQEEYSAMR_-26.1	2
WTi_1	WTi	QVVIDGETCLLDILDTAGQEEYSAMR_-1	2
WTi_1	WTi	QVVIDGETCLLDILDTAGQEEYSAMR_-17.1	2
WTi_2	WTi	QAQDLAR_0	6
WTi_2	WTi	TVDTKQAQDLAR_0	6
WTi_2	WTi	TVDTKQAQDLAR_37.9	2
WTi_2	WTi	SFEDIHHYR_0	837
WTi_2	WTi	SFEDIHHYR_-87	16
WTi_2	WTi	SFEDIHHYR_37.9	4
WTi_2	WTi	SFEDIHHYR_-18	5
WTi_2	WTi	SFEDIHHYR_1	5
WTi_2	WTi	LVVVGAGGVGK_128.1	2
WTi_2	WTi	SFEDIHHYREQIKR_0	242
WTi_2	WTi	SFEDIHHYREQIKR_38	2
WTi_2	WTi	SFEDIHHYREQIKR_37.9	2
WTi_2	WTi	YDPTIEDSYRK_0	6
WTi_2	WTi	SFEDIHHYREQIKR_1	6
WTi_2	WTi	SFEDIHHYREQIK_0	10
WTi_2	WTi	RVKDSEDVPMVLVGNK_0	19
WTi_2	WTi	LVVVGAGGVGK_0	314
WTi_2	WTi	LVVVGAGGVGK_-18	7
WTi_2	WTi	LVVVGAGGVGK_53.9	3
WTi_2	WTi	LVVVGAGGVGK_24	2
WTi_2	WTi	LVVVGAGGVGK_340.2	5
WTi_2	WTi	SFEDIHHYR_43	7
WTi_2	WTi	VKDSEDVPMVLVGNK_0	716
WTi_2	WTi	VKDSEDVPMVLVGNK_1	59
WTi_2	WTi	VKDSEDVPMVLVGNK_2	7
WTi_2	WTi	VKDSEDVPMVLVGNK_22	52
WTi_2	WTi	VKDSEDVPMVLVGNK_23	8
WTi_2	WTi	VKDSEDVPMVLVGNK_38	12
WTi_2	WTi	VKDSDDVPMVLVGNK_38	2
WTi_2	WTi	VKDSEDVPMVLVGNK_53.9	9
WTi_2	WTi	VKDSEDVPMVLVGNK_24	14
WTi_2	WTi	YDPTIEDSYR_0	4
WTi_2	WTi	VKDSEDVPMVLVGNK_156.1	2
WTi_2	WTi	LVVVGAGGVGK_1	8
WTi_2	WTi	VKDSEDVPMVLVGNKCDLPSR_0	76
WTi_2	WTi	SFEDIHHYR_183	2
WTi_2	WTi	VKDSEDVPMVLVGNKCDLPSR_156.1	4
WTi_2	WTi	MTEYKLVVVGAGGVGK_61	3
WTi_2	WTi	MTEYKLVVVGAGGVGK_103	7
WTi_2	WTi	VKDSEDVPMVLVGNK_37.9	41
WTi_2	WTi	VKDSEDVPMVLVGNK_-17	12
WTi_2	WTi	RVKDSDDVPMVLVGNK_-118.1	2
WTi_2	WTi	VKDSEDVPMVLVGNK_-35	14
WTi_2	WTi	VKDSEDVPMVLVGNK_21.9	7
WTi_2	WTi	DSEDVPMVLVGNK_0	42
WTi_2	WTi	VKDSEDVPMVLVGNK_52.9	6
WTi_2	WTi	VKDSEDVPMVLVGNK_-18	3
WTi_2	WTi	YDPTIEDSYRK_490.2	9
WTi_2	WTi	VKDSEDVPMVLVGNK_-99.1	2
WTi_2	WTi	VKDSEDVPMVLVGNK_-0.2	6
WTi_2	WTi	VKDSEDVPMVLVGNK_0.1	3
WTi_2	WTi	DSEDVPMVLVGNKCDLPSRTVDTK_227.2	6
WTi_2	WTi	VKDSEDVPMVLVGNKCDLPSR_-25	37
WTi_2	WTi	VKDSEDVPMVLVGNKCDLPSR_-9	36
WTi_2	WTi	VKDSEDVPMVLVGNKCDLPSR_28.9	9
WTi_2	WTi	VKDSEDVPMVLVGNKCDLPSR_-57	21
WTi_2	WTi	VKDSEDVPMVLVGNKCDLPSR_12.9	8
WTi_2	WTi	VKDSEDVPMVLVGNKCDLPSR_38	6
WTi_2	WTi	VKDSEDVPMVLVGNKCDLPSR_37.9	11
WTi_2	WTi	VKDSEDVPMVLVGNKCDLPSR_22	18
WTi_2	WTi	VKDSEDVPMVLVGNKCDLPSR_3	7
WTi_2	WTi	VKDSEDVPMVLVGNKCDLPSR_7	5
WTi_2	WTi	VKDSEDVPMVLVGNKCDLPSR_6	4
WTi_2	WTi	VKDSEDVPMVLVGNKCDLPSR_53.9	2
WTi_2	WTi	VKDSEDVPMVLVGNKCDLPSR_54.9	2
WTi_2	WTi	VKDSEDVPMVLVGNKCDLPSR_1	6
WTi_2	WTi	VKDSEDVPMVLVGNKCDLPSR_248	7
WTi_2	WTi	VKDSEDVPMVLVGNKCDLPSR_15	8
WTi_2	WTi	VKDSEDVPMVLVGNKCDLPSR_284.1	4
WTi_2	WTi	VKDSEDVPMVLVGNKCDLPSR_79	6
WTi_2	WTi	MTEYKLVVVGAGGVGK_87	18
WTi_2	WTi	VKDSEDVPMVLVGNKCDLPSR_487.3	2
WTi_2	WTi	VKDSEDVPMVLVGNK_0.8	3
WTi_2	WTi	TEYKLVVVGAGGVGK_219.1	2
WTi_2	WTi	DSEDVPMVLVGNK_227.2	11
WTi_2	WTi	VKDSEDVPMVLVGNK_43	8
WTi_2	WTi	VKDSEDVPMVLVGNKCDLPSR_95	6
WTi_2	WTi	VKDSEDVPMVLVGNKCDLPSR_167	3
WTi_2	WTi	VKDSEDVPMVLVGNKCDLPSR_138	9
WTi_2	WTi	VKDSEDVPMVLVGNKCDLPSR_-25.1	2
WTi_2	WTi	VKDSEDVPMVLVGNK_1.1	2
WTi_2	WTi	VKDSEDVPMVLVGNKCDLPSR_-8	4
WTi_2	WTi	VKDSEDVPMVLVGNKCDLPSR_-7	3
WTi_2	WTi	YDPTIEDSYR_490.2	3
WTi_2	WTi	VKDSEDVPMVLVGNKCDLPSR_93	16
WTi_2	WTi	VKDSEDVPMVLVGNKCDLPSR_6.9	7
WTi_2	WTi	SYGIPFIETSAKTR_0	20
WTi_2	WTi	DSEDVPMVLVGNKCDLPSR_0	24
WTi_2	WTi	DSEDVPMVLVGNK_6	5
WTi_2	WTi	DSEDVPMVLVGNK_37.9	4
WTi_2	WTi	DSEDVPMVLVGNK_21.9	5
WTi_2	WTi	DSEDVPMVLVGNK_22	17
WTi_2	WTi	DSEDVPMVLVGNKCDLPSR_1	5
WTi_2	WTi	DSEDVPMVLVGNK_4	2
WTi_2	WTi	DSEDVPMVLVGNK_23	2
WTi_2	WTi	TRQGVDDAFYTLVR_0	147
WTi_2	WTi	VKDSEDVPMVLVGNKCDLPSR_109	8
WTi_2	WTi	TRQGVDDAFYTLVR_22	3
WTi_2	WTi	TRQGVDDAFYTLVR_1	19
WTi_2	WTi	TRQGVEDAFYTLVR_23.9	3
WTi_2	WTi	TRQGVDDAFYTLVR_37.9	5
WTi_2	WTi	TRQGVDDAFYTLVR_38	2
WTi_2	WTi	TRQGVDDAFYTLVR_24	6
WTi_2	WTi	TRQGVDDAFYTLVR_-18	14
WTi_2	WTi	VKDSEDVPMVLVGNKCDLPSR_111	3
WTi_2	WTi	TRQGVDDAFYTLVR_2	4
WTi_2	WTi	VKDSEDVPMVLVGNK_45	2
WTi_2	WTi	LVVVGAGGVGK_43	6
WTi_2	WTi	VKDSEDVPMVLVGNKCDLPSR_77	6
WTi_2	WTi	DSEDVPMVLVGNKCDLPSR_-25	8
WTi_2	WTi	DSEDVPMVLVGNKCDLPSR_-9	7
WTi_2	WTi	SALTIQLIQNHFVDEYDPTIEDSYRK_0	458
WTi_2	WTi	SYGIPFIETSAK_0	280
WTi_2	WTi	VEDAFYTLVR_-14	8
WTi_2	WTi	TGEGFLCVFAINNTK_218.1	2
WTi_2	WTi	TGEGFLCVFAINNTK_408.1	7
WTi_2	WTi	TGEGFLCVFAINNTK_409.2	2
WTi_2	WTi	SYGIPFIETSAK_2	20
WTi_2	WTi	TGEGFLCVFAINNTK_-27	6
WTi_2	WTi	SYGIPYIETSAK_6	2
WTi_2	WTi	SYGIPFIETSAK_22	7
WTi_2	WTi	SYGIPFIETSAK_-18	4
WTi_2	WTi	SYGIPFIETSAK_24	2
WTi_2	WTi	SYGIPFIETSAK_-4	16
WTi_2	WTi	SYGIPFIETSAK_3	2
WTi_2	WTi	TGEGFLCVFAINNTKSFEDIHHYREQIK_156.1	6
WTi_2	WTi	QGVDDAFYTLVR_0	128
WTi_2	WTi	QGVDDAFYTLVR_37.9	19
WTi_2	WTi	QGVEDAFYTLVR_8	3
WTi_2	WTi	QGVEDAFYTLVR_23.9	3
WTi_2	WTi	QGVDDAFYTLVR_-17	60
WTi_2	WTi	QGVDDAFYTLVR_-18	15
WTi_2	WTi	QGVDDAFYTLVR_53.9	6
WTi_2	WTi	QGVDDAFYTLVR_22	5
WTi_2	WTi	QGVDDAFYTLVR_5	27
WTi_2	WTi	QGVDDAFYTLVR_4.9	2
WTi_2	WTi	QGVDDAFYTLVR_4	3
WTi_2	WTi	QGVDDAFYTLVR_-35	2
WTi_2	WTi	TGEGFLCVFAINNTKSFEDIHHYR_0	2
WTi_2	WTi	SALTIQLIQNHFVDEYDPTIEDSYRK_1	66
WTi_2	WTi	SALTIQLIQNHFVDEYDPTIEDSYRK_38.9	9
WTi_2	WTi	QGVDDAFYTLVR_1	4
WTi_2	WTi	QGVDDAFYTLVR_3	2
WTi_2	WTi	SALTIQLIQNHFVDEYDPTIEDSYR_128.1	9
WTi_2	WTi	TGEGFLCVFAINNTK_301.1	3
WTi_2	WTi	SALTIQLIQNHFVDEYDPTIEDSYRK_-17	14
WTi_2	WTi	SALTIQLIQNHFVDEYDPTIEDSYRK_20.9	2
WTi_2	WTi	SALTIQLIQNHFVDEYDPTIEDSYRK_-18	14
WTi_2	WTi	SALTIQLIQNHFVDEYDPTIEDSYRK_37.9	38
WTi_2	WTi	SALTIQLIQNHFVDEYDPTIEDSYRK_22	39
WTi_2	WTi	SALTIQLIQNHFVDEYDPTIEDSYRK_23	20
WTi_2	WTi	SALTIQLIQNHFVDEYDPTIEDSYRK_38	15
WTi_2	WTi	SALTIQLIQNHFVDEYDPTIEDSYRK_3	7
WTi_2	WTi	SALTIQLIQNHFVDEYDPTIEDSYRK_59.9	4
WTi_2	WTi	YDPTIEDSYRK_244.1	6
WTi_2	WTi	SALTIQLIQNHFVDEYDPTIEDSYRK_24	5
WTi_2	WTi	SALTIQLIQNHFVDEYDPTIEDSYRK_2	6
WTi_2	WTi	SALTIQLIQNHFVDEYDPTIEDSYRK_91.9	2
WTi_2	WTi	SALTIQLIQNHFVDEYDPTIEDSYRK_39.9	2
WTi_2	WTi	YDPTIEDSYRK_129	2
WTi_2	WTi	SALTIQLIQNHFVDEYDPTIEDSYRK_61.9	3
WTi_2	WTi	SALTIQLIQNHFVDEYDPTIEDSYRK_53.9	7
WTi_2	WTi	SALTIQLIQNHFVDEYDPTIEDSYRK_16	18
WTi_2	WTi	SALTIQLIQNHFVDEYDPTIEDSYRK_4	4
WTi_2	WTi	SALTIQLIQNHFVDEYDPTIEDSYRK_52.9	2
WTi_2	WTi	SALTIQLIQNHFVDEYDPTIEDSYRK_80	12
WTi_2	WTi	SALTIQLIQNHFVDEYDPTIEDSYR_208.1	2
WTi_2	WTi	TGEGFLCVFAINNTK_16	14
WTi_2	WTi	SALTIQLIQNHFVDEYDPTIEDSYR_1	31
WTi_2	WTi	TGEGFLCVFAINNTK_109	65
WTi_2	WTi	TGEGFLCVFAINNTK_15	10
WTi_2	WTi	TGEGFLCVFAINNTK_43	9
WTi_2	WTi	TGEGFLCVFAINNTK_-57	39
WTi_2	WTi	TGEGFLCVFAINNTK_0	171
WTi_2	WTi	TGEGFLCVFAINNTK_22	10
WTi_2	WTi	TGEGFLCVFAINNTK_62	4
WTi_2	WTi	TGEGFLCVFAINNTK_24	8
WTi_2	WTi	TGEGFLCVFAINNTK_38	2
WTi_2	WTi	TGEGFLCVFAINNTK_37.9	6
WTi_2	WTi	TGEGFLCVFAINNTK_1	12
WTi_2	WTi	TGEGFLCVFAINNTK_-18	3
WTi_2	WTi	TGEGFLCVFAINNTK_53.9	4
WTi_2	WTi	TGEGFLCVFAINNSK_-3	8
WTi_2	WTi	TGEGFLCVFAINNSK_-4	6
WTi_2	WTi	TGEGFLCVFAINNTK_-101	2
WTi_2	WTi	TGEGFLCVFAINNTK_55	2
WTi_2	WTi	TGEGFLCVFAINNTK_-1	5
WTi_2	WTi	TGEGFLCVFAINNTK_248	24
WTi_2	WTi	SYGIPFIETSAK_43	5
WTi_2	WTi	TGEGFLCVFAINNTK_248.1	4
WTi_2	WTi	SALTIQLIQNHFVDEYDPTIEDSYR_-17	5
WTi_2	WTi	TGEGFLCVFAINNTK_125	10
WTi_2	WTi	TGEGFLCVFAINNTK_79	16
WTi_2	WTi	SALTIQLIQNHFVDEYDPTIEDSYR_0	194
WTi_2	WTi	SALTIQLIQNHFVDEYDPTIEDSYR_37.9	37
WTi_2	WTi	SALTIQLIQNHFVDEYDPTIEDSYR_38	10
WTi_2	WTi	SALTIQLIQNHFVDEYDPTIEDSYR_22	28
WTi_2	WTi	SALTIQLIQNHFVDEYDPTIEDSYR_23	35
WTi_2	WTi	TGEGFLCVFAINNTK_128	2
WTi_2	WTi	SALTIQLIQNHFVDEYDPTIEDSYR_75.9	5
WTi_2	WTi	SALTIQLIQNHFVDEYDPTIEDSYR_53.9	12
WTi_2	WTi	SALTIQLIQNHFVDEYDPTIEDSYR_24	11
WTi_2	WTi	SALTIQLIQNHFVDEYDPTIEDSYR_3	15
WTi_2	WTi	SALTIQLIQNHFVDEYDPTIEDSYRK_-66.2	2
WTi_2	WTi	SALTIQLIQNHFVDEYDPTIEDSYR_59.9	9
WTi_2	WTi	SALTIQLIQNHFVDEYDPTIEDSYR_61.9	3
WTi_2	WTi	TGEGFLCVFAINNTK_25	4
WTi_2	WTi	SALTIQLIQNHFVDEYDPTIEDSYR_38.9	4
WTi_2	WTi	SALTIQLIQNHFVDEYDPTIEDSYR_54.9	2
WTi_2	WTi	TGEGFLCVFAINNTK_108.9	3
WTi_2	WTi	TGEGFLCVFAINNTK_184	8
WTi_2	WTi	TGEGFLCVFAINNTK_93	41
WTi_2	WTi	TGEGFLCVFAINNTK_7	7
WTi_2	WTi	SALTIQLIQNHFVDEYDPTIEDSYR_-9.1	6
WTi_2	WTi	SALTIQLIQNHFVDEYDPTIEDSYR_52.9	3
WTi_2	WTi	SALTIQLIQNHFVDEYDPTIEDSYR_-9.2	4
WTi_2	WTi	TGEGFLCVFAINNTK_-9	31
WTi_2	WTi	TGEGFLCVFAINNTK_-14	4
WTi_2	WTi	SALTIQLIQNHFVDEYDPTIEDSYR_-8.1	2
WTi_2	WTi	TGEGFLCVFAINNTK_80	9
WTi_2	WTi	TGEGFLCVFAINNTK_167	20
WTi_2	WTi	TGEGFLCVFAINNTK_177	18
WTi_2	WTi	TGEGFLCVFAINNTK_32	6
WTi_2	WTi	TGEGFLCVFAINNTK_94	5
WTi_2	WTi	TGEGFLCVFAINNTK_152	8
WTi_2	WTi	TGEGFLCVFAINNTK_277	8
WTi_2	WTi	TGEGFLCVFAINNTK_172	7
WTi_2	WTi	TGEGFLCVFAINNTK_228	6
WTi_2	WTi	TGEGFLCVFAINNTK_181	4
WTi_2	WTi	TGEGFLCVFAINNTK_96	15
WTi_2	WTi	TGEGFLCVFAINNTK_47	7
WTi_2	WTi	TGEGFLCVFAINNTK_153	2
WTi_2	WTi	TGEGFLCVFAINNTK_77	29
WTi_2	WTi	SALTIQLIQNHFVDEYDPTIEDSYR_1.9	4
WTi_2	WTi	TGEGFLCVFAINNTK_95	2
WTi_2	WTi	TGEGFLCVFAINNTK_138	39
WTi_2	WTi	TGEGFLCVFAINNSK_-2	2
WTi_2	WTi	TGEGFLCVFAINNTK_140	6
WTi_2	WTi	TGEGFLCVFAINNTK_17	41
WTi_2	WTi	TGEGFLCVFAINNTK_-56	2
WTi_2	WTi	TGEGFLCVFAINNTK_-35	4
WTi_2	WTi	TGEGFLCVFAINNTK_38.9	2
WTi_2	WTi	TGEGFLCVFAINNTK_319	7
WTi_2	WTi	TGEGFLCVFAINNTK_304	5
WTi_2	WTi	TGEGFLCVFAINNTK_176.9	2
WTi_2	WTi	QGVDDAFYTLVR_43	6
WTi_2	WTi	TGEGFLCVFAINNTK_13	8
WTi_2	WTi	TGEGFLCVFAINNTK_199	3
WTi_2	WTi	TGEGFLCVFAINNTK_-2	4
WTi_2	WTi	TGEGFLCVFAINNTK_211	2
WTi_2	WTi	TGEGFLCVFAINNTK_46	3
WTi_2	WTi	TGEGFLCVFAINNTK_290	2
WTi_2	WTi	QGVEDAFYTLVR_6.9	8
WTi_2	WTi	TGEGFLCVFAINNTK_-91	6
WTi_2	WTi	QGVDDAFYTLVR_6.9	4
WTi_2	WTi	QGVEDAFYTLVR_22.9	3
WTi_2	WTi	QGVEDAFYTLVR_12.9	2
WTi_2	WTi	TGEGFLCVFAINNTK_61	6
WTi_2	WTi	TGEGFLCVFAINNTK_127	5
WTi_2	WTi	SALTIQLIQNHFVDEYDPTIEDSYRK_-0.9	2
WTi_2	WTi	TGEGFLCVFAINNTK_151	14
WTi_2	WTi	TGEGFLCVFAINNTK_170	3
WTi_2	WTi	TGEGFLCVFAINNTK_169.9	2
WTi_2	WTi	TGEGFLCVFAINNTK_178.1	2
WTi_2	WTi	TGEGFLCVFAINNTK_139	2
WTi_2	WTi	TGEGFLCVFAINNTK_245	17
WTi_2	WTi	TGEGFLCVFAINNTK_179	8
WTi_2	WTi	SALTIQLIQNHFVDEYDPTIEDSYRK_-1	8
WTi_2	WTi	SALTIQLIQNHFVDEYDPTIEDSYRK_43	3
WTi_2	WTi	SALTIQLIQNHFVDEYDPTIEDSYRK_81	2
WTi_2	WTi	TGEGFLCVFAINNTK_131	2
WTi_2	WTi	TGEGFLCVFAINNTK_112	4
WTi_2	WTi	TGEGFLCVFAINNTK_165	6
WTi_2	WTi	TGEGFLCVFAINNTK_168	15
WTi_2	WTi	TGEGFLCVFAINNTK_198	2
WTi_2	WTi	TGEGFLCVFAINNTK_229	18
WTi_2	WTi	TGEGFLCVFAINNTK_169	2
WTi_2	WTi	TGEGFLCVFAINNTK_227.9	3
WTi_2	WTi	KQVVIDGETCLLDILDTAGQEEYSAMRDQYMR_0	49
WTi_2	WTi	SALTIQLIQNHFVDEYDPTIEDSYRK_183	4
WTi_2	WTi	KQVVIDGETCLLDILDTAGQEEYSAMRDQYMR_1	10
WTi_2	WTi	TGEGFLCVFAINNTK_45	7
WTi_2	WTi	TGEGFLCVFAINNTK_100.9	4
WTi_2	WTi	TGEGFLCVFAINNTK_163	4
WTi_2	WTi	TGEGFLCVFAINNTK_28.9	95
WTi_2	WTi	TGEGFLCVFAINNTK_44.9	43
WTi_2	WTi	TGEGFLCVFAINNTK_261	7
WTi_2	WTi	TGEGFLCVFAINNTK_244.9	8
WTi_2	WTi	TGEGFLCVFAINNTK_246	2
WTi_2	WTi	KQVVIDGETCLLDILDTAGQEEYSAMR_15	12
WTi_2	WTi	TGEGFLCVFAINNTK_317	4
WTi_2	WTi	KQVVIDGETCLLDILDTAGQEEYSAMR_0	96
WTi_2	WTi	KQVVIDGETCLLDILDTAGQEEYSAMR_53.9	10
WTi_2	WTi	KQVVIDGETCLLDILDTAGQEEYSAMR_23	19
WTi_2	WTi	KQVVIDGETCLLDILDTAGQEEYSAMR_22	26
WTi_2	WTi	KQVVIDGETCLLDILDTAGQEEYSAMR_24	6
WTi_2	WTi	KQVVIDGETCLLDILDTAGQEEYSAMR_-1	5
WTi_2	WTi	KQVVIDGETCLLDILDTAGQEEYSAMR_1	31
WTi_2	WTi	TGEGFLCVFAINNTK_205	2
WTi_2	WTi	TGEGFLCVFAINNTK_141	5
WTi_2	WTi	KQVVIDGETCLLDILDTAGQEEYSAMR_4	7
WTi_2	WTi	SALTIQLIQNHFVDEYDPTIEDSYRK_-1.1	2
WTi_2	WTi	VKDSEDVPMVLVGNKCDLPSR_161.1	4
WTi_2	WTi	VKDSEDVPMVLVGNKCDLPSR_161.2	4
WTi_2	WTi	TGEGFLCVFAINNTK_243.9	2
WTi_2	WTi	TGEGFLCVFAINNTK_76.9	5
WTi_2	WTi	TGEGFLCVFAINNTK_159	3
WTi_2	WTi	TGEGFLCVFAINNTK_12.9	105
WTi_2	WTi	TGEGFLCVFAINNTK_-8	6
WTi_2	WTi	TGEGFLCVFAINNTK_232	2
WTi_2	WTi	TGEGFLCVFAINNTK_13.9	9
WTi_2	WTi	TGEGFLCVFAINNTK_263.1	6
WTi_2	WTi	QVVIDGETCLLDILDTAGQEEYSAMR_103.1	14
WTi_2	WTi	QVVIDGETCLLDILDTAGQEEYSAMR_103	2
WTi_2	WTi	TGEGFLCVFAINNTK_-25	26
WTi_2	WTi	TGEGFLCVFAINNTK_-3.1	27
WTi_2	WTi	TGEGFLCVFAINNTK_-3	11
WTi_2	WTi	TGEGFLCVFAINNTK_193	2
WTi_2	WTi	TGEGFLCVFAINNTK_175	7
WTi_2	WTi	TGEGFLCVFAINNTK_-0.1	7
WTi_2	WTi	QVVIDGETCLLDILDTAGQEEYSAMR_144.1	3
WTi_2	WTi	TGEGFLCVFAINNTK_15.9	4
WTi_2	WTi	TGEGFLCVFAINNTK_-24	6
WTi_2	WTi	TGEGFLCVFAINNTK_143	8
WTi_2	WTi	TGEGFLCVFAINNTK_180.9	30
WTi_2	WTi	TGEGFLCVFAINNTK_164.9	11
WTi_2	WTi	TGEGFLCVFAINNTK_137	2
WTi_2	WTi	TGEGFLCVFAINNTK_221	8
WTi_2	WTi	SALTIQLIQNHFVDEYDPTIEDSYR_-1	4
WTi_2	WTi	QVVIDGETCLLDILDTAGQEEYSAMRDQYMR_1	9
WTi_2	WTi	QVVIDGETCLLDILDTAGQEEYSAMRDQYMR_0	72
WTi_2	WTi	QVVIDGETCLLDILDTAGQEEYSAMR_71.1	13
WTi_2	WTi	KQVVIDGETCLLDILDTAGQEEYSAMR_37.9	9
WTi_2	WTi	KQVVIDGETCLLDILDTAGQEEYSAMR_2	17
WTi_2	WTi	KQVVIDGETCLLDILDTAGQEEYSAMR_41	2
WTi_2	WTi	QVVIDGETCLLDILDTAGQEEYSAMRDQYMR_22	2
WTi_2	WTi	TGEGFLCVFAINNTK_60.9	3
WTi_2	WTi	KQVVIDGETCLLDILDTAGQEEYSAMR_75.9	6
WTi_2	WTi	KQVVIDGETCLLDILDTAGQEEYSAMR_38	6
WTi_2	WTi	KQVVIDGETCLLDILDTAGQEEYSAMR_36.9	2
WTi_2	WTi	KQVVIDGETCLLDILDTAGQEEYSAMR_22.9	3
WTi_2	WTi	TGEGFLCVFAINNTK_6.9	7
WTi_2	WTi	TGEGFLCVFAINNTK_266.1	3
WTi_2	WTi	KQVVIDGETCLLDILDTAGQEEYSAMR_109	5
WTi_2	WTi	QVVIDGETCLLDILDTAGQEEYSAMR_15	9
WTi_2	WTi	KQVVIDGETCLLDILDTAGQEEYSAMRDQYMR_37.9	2
WTi_2	WTi	QVVIDGETCLLDILDTAGQEEYSAMR_0	48
WTi_2	WTi	QVVIDGETCLLDILDTAGQEEYSAMR_128.1	9
WTi_2	WTi	QVVIDGETCLLDILDTAGQEEYSAMR_22	17
WTi_2	WTi	QVVIDGETCLLDILDTAGQEEYSAMR_54	3
WTi_2	WTi	QVVIDGETCLLDILDTAGQEEYSAMR_53.9	10
WTi_2	WTi	QVVIDGETCLLDILDTAGQEEYSAMR_23	3
WTi_2	WTi	QVVIDGETCLLDILDTAGQEEYSAMR_1	21
WTi_2	WTi	SALTIQLIQNHFVDEYDPTIEDSYR_-2.1	2
WTi_2	WTi	KQVVIDGETCLLDILDTAGQEEYSAMR_138	5
WTi_2	WTi	SALTIQLIQNHFVDEYDPTIEDSYR_-1.1	3
WTi_2	WTi	QVVIDGETCLLDILDTAGQEEYSAMR_73.1	2
WTi_2	WTi	KQVVIDGETCLLDILDTAGQEEYSAMR_93	3
WTi_2	WTi	QVVIDGETCLLDILDTAGQEEYSAMR_-25	11
WTi_2	WTi	QVVIDGETCLLDILDTAGQEEYSAMR_248.1	2
WTi_2	WTi	QVVIDGETCLLDILDTAGQEEYSAMRDQYMR_37.9	2
WTi_2	WTi	QVVIDGETCLLDILDTAGQEEYSAMR_38	4
WTi_2	WTi	QVVIDGETCLLDILDTAGQEEYSAMR_4	3
WTi_2	WTi	QVVIDGETCLLDILDTAGQEEYSAMR_-1	4
WTi_2	WTi	QVVIDGETCLLDILDTAGQEEYSAMR_-12	3
WTi_2	WTi	QVVIDGETCLLDILDTAGQEEYSAMR_-57	10
WTi_2	WTi	QVVIDGETCLLDILDTAGQEEYSAMRDQYMR_-17	8
WTi_2	WTi	QVVIDGETCLLDILDTAGQEEYSAMRDQYMR_-57	3
WTi_2	WTi	QVVIDGETCLLDILDTAGQEEYSAMR_-56	2
WTi_2	WTi	QVVIDGETCLLDILDTAGQEEYSAMR_-17	27
WTi_2	WTi	QVVIDGETCLLDILDTAGQEEYSAMR_20.9	8
WTi_2	WTi	QVVIDGETCLLDILDTAGQEEYSAMR_5	5
WTi_2	WTi	TGEGFLCVFAINNTK_161.1	2
WTi_2	WTi	QVVIDGETCLLDILDTAGQEEYSAMR_-16	6
WTi_2	WTi	QVVIDGETCLLDILDTAGQEEYSAMR_77	2
WTi_2	WTi	QVVIDGETCLLDILDTAGQEEYSAMR_-74	5
WTi_2	WTi	QVVIDGETCLLDILDTAGQEEYSAMR_76.9	2
WTi_2	WTi	QAQDLAR_2	1
WTi_2	WTi	SFEDIHHYR_22	2
WTi_2	WTi	SFEDIHHYR_3	1
WTi_2	WTi	VKDSEDVPMVLVGNK_-48	1
WTi_2	WTi	LVVVGAGGVGK_22	1
WTi_2	WTi	VKDSEDVPMVLVGNK_-15.2	1
WTi_2	WTi	VKDSEDVPMVLVGNK_3	1
WTi_2	WTi	VKDSEDVPMVLVGNKCDLPSR_-1	1
WTi_2	WTi	VKDSEDVPMVLVGNKCDLPSR_21.9	1
WTi_2	WTi	VKDSEDVPMVLVGNK_0.9	2
WTi_2	WTi	DSEDVPMVLVGNK_-115	2
WTi_2	WTi	VKDSEDVPMVLVGNKCDLPSR_139	1
WTi_2	WTi	VKDSEDVPMVLVGNKCDLPSR_-3.1	1
WTi_2	WTi	VKDSEDVPMVLVGNKCDLPSR_13.9	1
WTi_2	WTi	VKDSEDVPMVLVGNKCDLPSR_-2.1	1
WTi_2	WTi	VKDSDDVPMVLVGNK_52	1
WTi_2	WTi	VKDSEDVPMVLVGNKCDLPSR_92.9	1
WTi_2	WTi	VKDSEDVPMVLVGNK_-128.1	1
WTi_2	WTi	DSEDVPMVLVGNK_24	1
WTi_2	WTi	TRQGVDDAFYTLVR_0.1	1
WTi_2	WTi	VKDSEDVPMVLVGNKCDLPSR_110	1
WTi_2	WTi	VKDSEDVPMVLVGNK_-2	1
WTi_2	WTi	LVVVGAGGVGK_-2.1	1
WTi_2	WTi	VKDSEDVPMVLVGNK_-1	1
WTi_2	WTi	VKDSEDVPMVLVGNK_-3.9	1
WTi_2	WTi	SFEDIHHYR_0.1	1
WTi_2	WTi	TGEGFLCVFAINNTK_408.2	1
WTi_2	WTi	TGEGFLCVFAINNTK_-27.1	1
WTi_2	WTi	SYGIPFIETSAK_37.9	1
WTi_2	WTi	SYGIPFIETSAK_362.2	2
WTi_2	WTi	SYGIPFIETSAK_382.1	2
WTi_2	WTi	TRQGVDDAFYTLVR_-1	1
WTi_2	WTi	QGVDDAFYTLVR_24	1
WTi_2	WTi	QRVEDAFYTLVR_-108.1	1
WTi_2	WTi	QRVEDAFYTLVR_-148.1	1
WTi_2	WTi	QGVEDAFYTLVR_39.9	1
WTi_2	WTi	QGVDDAFYTLVR_38	1
WTi_2	WTi	TGEGFLCVFAINNTK_119	1
WTi_2	WTi	SALTIQLIQNHFVDEYDPTIEDSYRK_75.9	2
WTi_2	WTi	SALTIQLIQNHFVDEYDPTIEDSYRK_22.9	1
WTi_2	WTi	LVVVGAGGVGKSALTIQLIQNHFVDEYDPTIEDSYRK_93.8	1
WTi_2	WTi	LVVVGAGGVGKSALTIQLIQNHFVDEYDPTIEDSYRK_92.8	1
WTi_2	WTi	QGVDDAFYTLVR_-0.9	1
WTi_2	WTi	TGEGFLCVFAINNTK_-17	1
WTi_2	WTi	TGEGFLCVFAINNTK_270	1
WTi_2	WTi	SALTIQLIQNHFVDEYDPTIEDSYR_22.9	1
WTi_2	WTi	TGEGFLCVFAINNTK_405.2	1
WTi_2	WTi	TGEGFLCVFAINNTK_110	1
WTi_2	WTi	TGEGFLCVFAINNTK_225	1
WTi_2	WTi	TGEGFLCVFAINNTK_78	5
WTi_2	WTi	TGEGFLCVFAINNTK_4	3
WTi_2	WTi	TGEGFLCVFAINNTK_-4.9	1
WTi_2	WTi	QGVDDAFYTLVR_81	1
WTi_2	WTi	TGEGFLCVFAINNTK_-33	2
WTi_2	WTi	TGEGFLCVFAINNTK_291	1
WTi_2	WTi	QGVDDAFYTLVR_7	2
WTi_2	WTi	TGEGFLCVFAINNTK_116.9	1
WTi_2	WTi	TGEGFLCVFAINNTK_34	1
WTi_2	WTi	TGEGFLCVFAINNTK_208	2
WTi_2	WTi	TGEGFLCVFAINNTK_92.9	1
WTi_2	WTi	TGEGFLCVFAINNTK_264	3
WTi_2	WTi	TGEGFLCVFAINNTK_230	1
WTi_2	WTi	TGEGFLCVFAINNTK_196.9	1
WTi_2	WTi	TGEGFLCVFAINNTK_193.1	1
WTi_2	WTi	TGEGFLCVFAINNTK_0.9	1
WTi_2	WTi	TGEGFLCVFAINNTK_144	1
WTi_2	WTi	TGEGFLCVFAINNTK_174.9	1
WTi_2	WTi	TGEGFLCVFAINNTK_221.1	1
WTi_2	WTi	SYGIPFIETSAK_1	1
WTi_2	WTi	TGEGFLCVFAINNTK_249.1	3
WTi_2	WTi	KQVVIDGETCLLDILDTAGQEEYSAMR_39	2
WTi_2	WTi	QVVIDGETCLLDILDTAGQEEYSAMR_112.1	1
WTi_2	WTi	QVVIDGETCLLDILDTAGQEEYSAMR_75.9	2
WTi_2	WTi	QVVIDGETCLLDILDTAGQEEYSAMR_17	1
WTi_2	WTi	KQVVIDGETCLLDILDTAGQEEYSAMR_92.9	1
WTi_2	WTi	QVVIDGETCLLDILDTAGQEEYSAMRDQYMR_-1.8	1
WTi_2	WTi	QVVIDGETCLLDILDTAGQEEYSAMR_-24	1
WTi_2	WTi	QVVIDGETCLLDILDTAGQEEYSAMR_138	1
WTi_2	WTi	QVVIDGETCLLDILDTAGQEEYSAMR_-74.1	1
WTi_2	WTi	QVVIDGETCLLDILDTAGQEEYSAMR_-42.1	1
WTi_2	WTi	QVVIDGETCLLDILDTAGQEEYSAMR_-4.1	1
WTi_3	WTi	QAQDLAR_0	8
WTi_3	WTi	TVDTKQAQDLAR_0	10
WTi_3	WTi	SFEDIHHYR_0	250
WTi_3	WTi	SFEDIHHYR_-87	16
WTi_3	WTi	SFEDIHHYR_37.9	6
WTi_3	WTi	SFEDIHHYR_24	2
WTi_3	WTi	SFEDIHHYR_-18	8
WTi_3	WTi	SFEDIHHYR_22	6
WTi_3	WTi	SFEDIHHYR_0.1	2
WTi_3	WTi	SFEDIHHYR_53.9	2
WTi_3	WTi	SFEDIHHYR_1	2
WTi_3	WTi	SFEDIHHYR_257.1	2
WTi_3	WTi	LVVVGAGGVGK_128.1	4
WTi_3	WTi	SFEDIHHYREQIKR_0	64
WTi_3	WTi	SFEDIHHYREQIKR_38	2
WTi_3	WTi	YDPTIEDSYRK_0	12
WTi_3	WTi	VKDSEDVPMVLVGNK_-48	2
WTi_3	WTi	SFEDIHHYREQIK_0	26
WTi_3	WTi	RVKDSEDVPMVLVGNK_0	32
WTi_3	WTi	LVVVGAGGVGK_0	78
WTi_3	WTi	LVVVGAGGVGK_37.9	2
WTi_3	WTi	LVVVGAGGVGK_-18	10
WTi_3	WTi	LVVVGAGGVGK_340.2	6
WTi_3	WTi	LVVVGAGGVGK_24	2
WTi_3	WTi	LVVVGAGGVGK_53.9	2
WTi_3	WTi	SFEDIHHYR_43	2
WTi_3	WTi	VKDSEDVPMVLVGNK_0	224
WTi_3	WTi	VKDSEDVPMVLVGNK_53.9	32
WTi_3	WTi	VKDSEDVPMVLVGNK_1	47
WTi_3	WTi	VKDSEDVPMVLVGNK_2	10
WTi_3	WTi	VKDSEDVPMVLVGNK_22	66
WTi_3	WTi	VKDSEDVPMVLVGNK_24	22
WTi_3	WTi	VKDSEDVPMVLVGNK_-17	18
WTi_3	WTi	YDPTIEDSYR_1.1	2
WTi_3	WTi	YDPTIEDSYR_0	4
WTi_3	WTi	VKDSEDVPMVLVGNK_156.1	6
WTi_3	WTi	DSEDVPMVLVGNK_227.2	10
WTi_3	WTi	DSEDVPMVLVGNKCDLPSRTVDTK_227.2	14
WTi_3	WTi	VKDSEDVPMVLVGNKCDLPSR_0	120
WTi_3	WTi	VKDSEDVPMVLVGNKCDLPSR_53.9	4
WTi_3	WTi	SFEDIHHYR_183	8
WTi_3	WTi	VKDSEDVPMVLVGNKCDLPSR_156.1	4
WTi_3	WTi	MTEYKLVVVGAGGVGK_103	8
WTi_3	WTi	VKDSEDVPMVLVGNK_38	14
WTi_3	WTi	VKDSEDVPMVLVGNK_37.9	38
WTi_3	WTi	VKDSEDVPMVLVGNK_7	2
WTi_3	WTi	VKDSEDVPMVLVGNK_23	6
WTi_3	WTi	VKDSEDVPMVLVGNK_21.9	2
WTi_3	WTi	VKDSEDVPMVLVGNK_-35	16
WTi_3	WTi	DSEDVPMVLVGNK_0	66
WTi_3	WTi	VKDSEDVPMVLVGNK_-18	4
WTi_3	WTi	YDPTIEDSYRK_490.2	18
WTi_3	WTi	VKDSEDVPMVLVGNK_-0.2	10
WTi_3	WTi	VKDSEDVPMVLVGNKCDLPSR_-25	41
WTi_3	WTi	VKDSEDVPMVLVGNKCDLPSR_-9	24
WTi_3	WTi	VKDSEDVPMVLVGNKCDLPSR_28.9	20
WTi_3	WTi	VKDSEDVPMVLVGNKCDLPSR_12.9	8
WTi_3	WTi	DSEDVPMVLVGNK_53.9	2
WTi_3	WTi	VKDSEDVPMVLVGNKCDLPSR_-57	32
WTi_3	WTi	DSEDVPMVLVGNK_38	6
WTi_3	WTi	VKDSEDVPMVLVGNKCDLPSR_38	10
WTi_3	WTi	VKDSEDVPMVLVGNKCDLPSR_-1	2
WTi_3	WTi	VKDSEDVPMVLVGNKCDLPSR_23	2
WTi_3	WTi	VKDSEDVPMVLVGNKCDLPSR_3	14
WTi_3	WTi	VKDSEDVPMVLVGNKCDLPSR_6	4
WTi_3	WTi	VKDSEDVPMVLVGNKCDLPSR_22	20
WTi_3	WTi	VKDSEDVPMVLVGNKCDLPSR_21.9	4
WTi_3	WTi	VKDSEDVPMVLVGNKCDLPSR_37.9	16
WTi_3	WTi	VKDSEDVPMVLVGNKCDLPSR_4	4
WTi_3	WTi	VKDSEDVPMVLVGNKCDLPSR_24	2
WTi_3	WTi	VKDSEDVPMVLVGNKCDLPSR_15	14
WTi_3	WTi	VKDSEDVPMVLVGNKCDLPSR_1	4
WTi_3	WTi	VKDSEDVPMVLVGNKCDLPSR_248	6
WTi_3	WTi	VKDSEDVPMVLVGNKCDLPSR_284.1	4
WTi_3	WTi	DSEDVPMVLVGNKCDLPSR_0	49
WTi_3	WTi	DSEDVPMVLVGNKCDLPSR_0.9	4
WTi_3	WTi	MTEYKLVVVGAGGVGK_87	26
WTi_3	WTi	VKDSEDVPMVLVGNK_43	20
WTi_3	WTi	VKDSEDVPMVLVGNKCDLPSR_95	8
WTi_3	WTi	DSEDVPMVLVGNK_-115	4
WTi_3	WTi	VKDSEDVPMVLVGNKCDLPSR_138	10
WTi_3	WTi	VKDSEDVPMVLVGNKCDLPSR_-3.1	2
WTi_3	WTi	VKDSEDVPMVLVGNKCDLPSR_-56	2
WTi_3	WTi	YDPTIEDSYR_490.2	6
WTi_3	WTi	DSEDVPMVLVGNKCDLPSR_-9	14
WTi_3	WTi	DSEDVPMVLVGNKCDLPSR_-9.1	2
WTi_3	WTi	SYGIPFIETSAK_0	161
WTi_3	WTi	VKDSEDVPMVLVGNKCDLPSR_93	36
WTi_3	WTi	VKDSEDVPMVLVGNKCDLPSR_92.9	8
WTi_3	WTi	VKDSEDVPMVLVGNKCDLPSR_94	2
WTi_3	WTi	VKDSEDVPMVLVGNKCDLPSR_6.9	22
WTi_3	WTi	SYGIPFIETSAKTR_0	40
WTi_3	WTi	DSEDVPMVLVGNK_6	8
WTi_3	WTi	DSEDVPMVLVGNK_22	22
WTi_3	WTi	DSEDVPMVLVGNK_21.9	2
WTi_3	WTi	DSEDVPMVLVGNK_37.9	6
WTi_3	WTi	DSEDVPMVLVGNK_24	2
WTi_3	WTi	TRQGVDDAFYTLVR_0	72
WTi_3	WTi	VKDSEDVPMVLVGNKCDLPSR_109	10
WTi_3	WTi	TRQGVDDAFYTLVR_37.9	6
WTi_3	WTi	TRQGVDDAFYTLVR_2	6
WTi_3	WTi	TRQGVDDAFYTLVR_53.9	2
WTi_3	WTi	TRQGVDDAFYTLVR_1	18
WTi_3	WTi	TRQGVDDAFYTLVR_38	14
WTi_3	WTi	TRQGVEDAFYTLVR_9.9	2
WTi_3	WTi	TRQGVDDAFYTLVR_22	6
WTi_3	WTi	TRQGVDDAFYTLVR_-18	18
WTi_3	WTi	TRQGVDDAFYTLVR_0.1	4
WTi_3	WTi	LVVVGAGGVGK_43	6
WTi_3	WTi	VKDSEDVPMVLVGNKCDLPSR_77	6
WTi_3	WTi	DSEDVPMVLVGNKCDLPSR_-25	8
WTi_3	WTi	SALTIQLIQNHFVDEYDPTIEDSYRK_0	635
WTi_3	WTi	VEDAFYTLVR_-14	6
WTi_3	WTi	TGEGFLCVFAINNTK_218.1	6
WTi_3	WTi	SYGIPFIETSAK_2	30
WTi_3	WTi	TGEGFLCVFAINNTK_408.1	6
WTi_3	WTi	TGEGFLCVFAINNTK_408.2	4
WTi_3	WTi	TGEGFLCVFAINNTK_409.2	2
WTi_3	WTi	SYGIPYIETSAK_6	2
WTi_3	WTi	TGEGFLCVFAINNTK_-27	14
WTi_3	WTi	SYGIPFIETSAK_24	6
WTi_3	WTi	SYGIPYIETSAK_37.9	6
WTi_3	WTi	SYGIPFIETSAK_362.2	4
WTi_3	WTi	SYGIPYIETSAK_8	2
WTi_3	WTi	SYGIPFIETSAK_382.1	8
WTi_3	WTi	SYGIPFIETSAK_-4	12
WTi_3	WTi	TGEGFLCVFAINNTKSFEDIHHYREQIK_156.1	10
WTi_3	WTi	SYGIPFIETSAK_22	8
WTi_3	WTi	QGVDDAFYTLVR_72	4
WTi_3	WTi	TGEGFLCVFAINNTK_0	242
WTi_3	WTi	QGVDDAFYTLVR_0	72
WTi_3	WTi	QGVEDAFYTLVR_23.9	8
WTi_3	WTi	QGVDDAFYTLVR_37.9	26
WTi_3	WTi	QGVEDAFYTLVR_9.9	2
WTi_3	WTi	QGVEDAFYTLVR_8	10
WTi_3	WTi	QGVDDAFYTLVR_-17	76
WTi_3	WTi	QGVDDAFYTLVR_23	2
WTi_3	WTi	QGVDDAFYTLVR_-18	16
WTi_3	WTi	QGVEDAFYTLVR_39.9	4
WTi_3	WTi	QGVDDAFYTLVR_53.9	4
WTi_3	WTi	QGVDDAFYTLVR_4	4
WTi_3	WTi	QGVDDAFYTLVR_5	28
WTi_3	WTi	QGVDDAFYTLVR_22	6
WTi_3	WTi	QGVDDAFYTLVR_24	4
WTi_3	WTi	QGVDDAFYTLVR_-35	2
WTi_3	WTi	TGEGFLCVFAINNTK_149.1	4
WTi_3	WTi	QGVDDAFYTLVR_-128.1	6
WTi_3	WTi	TGEGFLCVFAINNTKSFEDIHHYR_0	12
WTi_3	WTi	SALTIQLIQNHFVDEYDPTIEDSYRK_1	92
WTi_3	WTi	SALTIQLIQNHFVDEYDPTIEDSYRK_38.9	14
WTi_3	WTi	QGVDDAFYTLVR_1	8
WTi_3	WTi	QGVDDAFYTLVR_3	4
WTi_3	WTi	SALTIQLIQNHFVDEYDPTIEDSYR_128.1	20
WTi_3	WTi	TGEGFLCVFAINNTK_301.1	8
WTi_3	WTi	SALTIQLIQNHFVDEYDPTIEDSYRK_-17	18
WTi_3	WTi	SALTIQLIQNHFVDEYDPTIEDSYRK_20.9	4
WTi_3	WTi	SALTIQLIQNHFVDEYDPTIEDSYRK_37.9	56
WTi_3	WTi	SALTIQLIQNHFVDEYDPTIEDSYRK_24	14
WTi_3	WTi	SALTIQLIQNHFVDEYDPTIEDSYRK_3	22
WTi_3	WTi	SALTIQLIQNHFVDEYDPTIEDSYRK_23	44
WTi_3	WTi	SALTIQLIQNHFVDEYDPTIEDSYRK_38	22
WTi_3	WTi	SALTIQLIQNHFVDEYDPTIEDSYRK_22	66
WTi_3	WTi	SALTIQLIQNHFVDEYDPTIEDSYRK_23.9	2
WTi_3	WTi	SALTIQLIQNHFVDEYDPTIEDSYRK_75.9	4
WTi_3	WTi	SALTIQLIQNHFVDEYDPTIEDSYRK_53.9	14
WTi_3	WTi	SALTIQLIQNHFVDEYDPTIEDSYRK_59.9	10
WTi_3	WTi	YDPTIEDSYRK_244.1	10
WTi_3	WTi	SALTIQLIQNHFVDEYDPTIEDSYRK_2	6
WTi_3	WTi	SALTIQLIQNHFVDEYDPTIEDSYRK_-18	14
WTi_3	WTi	SALTIQLIQNHFVDEYDPTIEDSYRK_52.9	2
WTi_3	WTi	YDPTIEDSYRK_129	6
WTi_3	WTi	SALTIQLIQNHFVDEYDPTIEDSYRK_61.9	2
WTi_3	WTi	SALTIQLIQNHFVDEYDPTIEDSYRK_16	37
WTi_3	WTi	SALTIQLIQNHFVDEYDPTIEDSYRK_39	2
WTi_3	WTi	SALTIQLIQNHFVDEYDPTIEDSYRK_4	8
WTi_3	WTi	SALTIQLIQNHFVDEYDPTIEDSYRK_32	4
WTi_3	WTi	SALTIQLIQNHFVDEYDPTIEDSYRK_31	2
WTi_3	WTi	SALTIQLIQNHFVDEYDPTIEDSYRK_80	16
WTi_3	WTi	TGEGFLCVFAINNTK_16	32
WTi_3	WTi	SALTIQLIQNHFVDEYDPTIEDSYR_1	60
WTi_3	WTi	TGEGFLCVFAINNTK_109	78
WTi_3	WTi	TGEGFLCVFAINNTK_110	26
WTi_3	WTi	TGEGFLCVFAINNTK_108.9	6
WTi_3	WTi	SALTIQLIQNHFVDEYDPTIEDSYR_38.9	6
WTi_3	WTi	TGEGFLCVFAINNTK_15	14
WTi_3	WTi	TGEGFLCVFAINNTK_-57	84
WTi_3	WTi	TGEGFLCVFAINNTK_38	6
WTi_3	WTi	TGEGFLCVFAINNTK_62	8
WTi_3	WTi	TGEGFLCVFAINNTK_24	8
WTi_3	WTi	TGEGFLCVFAINNTK_22	12
WTi_3	WTi	TGEGFLCVFAINNTK_53.9	12
WTi_3	WTi	TGEGFLCVFAINNTK_37.9	10
WTi_3	WTi	TGEGFLCVFAINNTK_-18	14
WTi_3	WTi	TGEGFLCVFAINNSK_-3	12
WTi_3	WTi	TGEGFLCVFAINNSK_-4	2
WTi_3	WTi	TGEGFLCVFAINNTK_-101	4
WTi_3	WTi	SALTIQLIQNHFVDEYDPTIEDSYRK_-1	26
WTi_3	WTi	SALTIQLIQNHFVDEYDPTIEDSYRK_183	6
WTi_3	WTi	SYGIPFIETSAK_43	10
WTi_3	WTi	TGEGFLCVFAINNTK_248	20
WTi_3	WTi	TGEGFLCVFAINNTK_248.1	2
WTi_3	WTi	TGEGFLCVFAINNTK_270	2
WTi_3	WTi	TGEGFLCVFAINNTK_125	20
WTi_3	WTi	SALTIQLIQNHFVDEYDPTIEDSYR_-17	8
WTi_3	WTi	SALTIQLIQNHFVDEYDPTIEDSYR_0	202
WTi_3	WTi	SALTIQLIQNHFVDEYDPTIEDSYR_37.9	53
WTi_3	WTi	SALTIQLIQNHFVDEYDPTIEDSYR_22	40
WTi_3	WTi	SALTIQLIQNHFVDEYDPTIEDSYR_24	16
WTi_3	WTi	SALTIQLIQNHFVDEYDPTIEDSYR_23	47
WTi_3	WTi	TGEGFLCVFAINNTK_268.1	2
WTi_3	WTi	SALTIQLIQNHFVDEYDPTIEDSYR_75.9	12
WTi_3	WTi	SALTIQLIQNHFVDEYDPTIEDSYR_38	10
WTi_3	WTi	TGEGFLCVFAINNTK_128	6
WTi_3	WTi	SALTIQLIQNHFVDEYDPTIEDSYR_53.9	20
WTi_3	WTi	SALTIQLIQNHFVDEYDPTIEDSYR_3	26
WTi_3	WTi	TGEGFLCVFAINNTK_79	20
WTi_3	WTi	SALTIQLIQNHFVDEYDPTIEDSYR_59.9	12
WTi_3	WTi	TGEGFLCVFAINNTK_25	6
WTi_3	WTi	TGEGFLCVFAINNTK_1	12
WTi_3	WTi	TGEGFLCVFAINNTK_184	8
WTi_3	WTi	TGEGFLCVFAINNTK_93	94
WTi_3	WTi	TGEGFLCVFAINNTK_7	20
WTi_3	WTi	SALTIQLIQNHFVDEYDPTIEDSYR_-9.1	6
WTi_3	WTi	SALTIQLIQNHFVDEYDPTIEDSYR_-9.2	6
WTi_3	WTi	TGEGFLCVFAINNTK_-14	4
WTi_3	WTi	TGEGFLCVFAINNTK_80	16
WTi_3	WTi	TGEGFLCVFAINNTK_405.2	4
WTi_3	WTi	TGEGFLCVFAINNTK_116.9	6
WTi_3	WTi	TGEGFLCVFAINNTK_167	16
WTi_3	WTi	TGEGFLCVFAINNTK_168	18
WTi_3	WTi	TGEGFLCVFAINNTK_152	6
WTi_3	WTi	TGEGFLCVFAINNTK_177	18
WTi_3	WTi	TGEGFLCVFAINNTK_32	10
WTi_3	WTi	TGEGFLCVFAINNTK_228	4
WTi_3	WTi	TGEGFLCVFAINNTK_181	4
WTi_3	WTi	SYGIPFIETSAKTRQGVDDAFYTLVR_0	12
WTi_3	WTi	TGEGFLCVFAINNTK_277	4
WTi_3	WTi	TGEGFLCVFAINNTK_78	2
WTi_3	WTi	TGEGFLCVFAINNTK_77	30
WTi_3	WTi	TGEGFLCVFAINNTK_47	4
WTi_3	WTi	TGEGFLCVFAINNTK_94	4
WTi_3	WTi	TGEGFLCVFAINNTK_138	32
WTi_3	WTi	TGEGFLCVFAINNTK_159.9	2
WTi_3	WTi	TGEGFLCVFAINNTK_160	2
WTi_3	WTi	TGEGFLCVFAINNTK_-35	8
WTi_3	WTi	TGEGFLCVFAINNTK_38.9	6
WTi_3	WTi	TGEGFLCVFAINNTK_17	28
WTi_3	WTi	TGEGFLCVFAINNTK_304	6
WTi_3	WTi	TGEGFLCVFAINNTK_319	2
WTi_3	WTi	QGVDDAFYTLVR_43	10
WTi_3	WTi	TGEGFLCVFAINNTK_13	4
WTi_3	WTi	TGEGFLCVFAINNTK_-2	10
WTi_3	WTi	TGEGFLCVFAINNTK_-33	6
WTi_3	WTi	QGVEDAFYTLVR_22.9	10
WTi_3	WTi	TGEGFLCVFAINNTK_290	6
WTi_3	WTi	QGVEDAFYTLVR_6.9	4
WTi_3	WTi	QGVDDAFYTLVR_6.9	10
WTi_3	WTi	TGEGFLCVFAINNTK_96	10
WTi_3	WTi	QGVDDAFYTLVREIR_0	4
WTi_3	WTi	TGEGFLCVFAINNTK_61	10
WTi_3	WTi	TGEGFLCVFAINNTK_127	4
WTi_3	WTi	TGEGFLCVFAINNTK_92.9	4
WTi_3	WTi	TGEGFLCVFAINNTK_139	12
WTi_3	WTi	TGEGFLCVFAINNTK_170	4
WTi_3	WTi	TGEGFLCVFAINNTK_245	32
WTi_3	WTi	TGEGFLCVFAINNTK_-1	6
WTi_3	WTi	TGEGFLCVFAINNTK_151	8
WTi_3	WTi	TGEGFLCVFAINNTK_207	8
WTi_3	WTi	TGEGFLCVFAINNTK_179	20
WTi_3	WTi	SALTIQLIQNHFVDEYDPTIEDSYRK_43	14
WTi_3	WTi	TGEGFLCVFAINNTK_112	6
WTi_3	WTi	TGEGFLCVFAINNTK_165	14
WTi_3	WTi	TGEGFLCVFAINNTK_244.9	4
WTi_3	WTi	TGEGFLCVFAINNTK_228.9	4
WTi_3	WTi	TGEGFLCVFAINNTK_227.9	2
WTi_3	WTi	TGEGFLCVFAINNTK_198	2
WTi_3	WTi	KQVVIDGETCLLDILDTAGQEEYSAMRDQYMR_1	22
WTi_3	WTi	KQVVIDGETCLLDILDTAGQEEYSAMRDQYMR_0	74
WTi_3	WTi	TGEGFLCVFAINNTK_166	4
WTi_3	WTi	KQVVIDGETCLLDILDTAGQEEYSAMRDQYMR_-1	6
WTi_3	WTi	TGEGFLCVFAINNTK_-9	28
WTi_3	WTi	TGEGFLCVFAINNTK_45	6
WTi_3	WTi	TGEGFLCVFAINNTK_93.9	2
WTi_3	WTi	TGEGFLCVFAINNTK_98.9	2
WTi_3	WTi	TGEGFLCVFAINNTK_163	6
WTi_3	WTi	TGEGFLCVFAINNTK_261	10
WTi_3	WTi	TGEGFLCVFAINNTK_28.9	124
WTi_3	WTi	KQVVIDGETCLLDILDTAGQEEYSAMR_15	22
WTi_3	WTi	QVVIDGETCLLDILDTAGQEEYSAMRDQYMR_57	2
WTi_3	WTi	KQVVIDGETCLLDILDTAGQEEYSAMR_0	110
WTi_3	WTi	QVVIDGETCLLDILDTAGQEEYSAMR_166	4
WTi_3	WTi	KQVVIDGETCLLDILDTAGQEEYSAMR_53.9	18
WTi_3	WTi	KQVVIDGETCLLDILDTAGQEEYSAMR_22	53
WTi_3	WTi	KQVVIDGETCLLDILDTAGQEEYSAMR_23	26
WTi_3	WTi	KQVVIDGETCLLDILDTAGQEEYSAMR_22.9	4
WTi_3	WTi	KQVVIDGETCLLDILDTAGQEEYSAMR_-1	6
WTi_3	WTi	KQVVIDGETCLLDILDTAGQEEYSAMR_24	12
WTi_3	WTi	KQVVIDGETCLLDILDTAGQEEYSAMR_4	8
WTi_3	WTi	KQVVIDGETCLLDILDTAGQEEYSAMR_1	49
WTi_3	WTi	TGEGFLCVFAINNTK_243.9	4
WTi_3	WTi	TGEGFLCVFAINNTK_180	2
WTi_3	WTi	TGEGFLCVFAINNTK_229	24
WTi_3	WTi	TGEGFLCVFAINNTK_159	10
WTi_3	WTi	TGEGFLCVFAINNTK_158.9	2
WTi_3	WTi	TGEGFLCVFAINNTK_12.9	114
WTi_3	WTi	TGEGFLCVFAINNTK_13.9	8
WTi_3	WTi	SALTIQLIQNHFVDEYDPTIEDSYR_-1	2
WTi_3	WTi	TGEGFLCVFAINNTK_-8	14
WTi_3	WTi	TGEGFLCVFAINNTK_44.9	36
WTi_3	WTi	QVVIDGETCLLDILDTAGQEEYSAMR_103	2
WTi_3	WTi	QVVIDGETCLLDILDTAGQEEYSAMR_41	4
WTi_3	WTi	QVVIDGETCLLDILDTAGQEEYSAMR_42	2
WTi_3	WTi	TGEGFLCVFAINNTK_-25	34
WTi_3	WTi	TGEGFLCVFAINNTK_43	14
WTi_3	WTi	TGEGFLCVFAINNTK_175	4
WTi_3	WTi	TGEGFLCVFAINNTK_196.9	6
WTi_3	WTi	TGEGFLCVFAINNTK_-3	6
WTi_3	WTi	TGEGFLCVFAINNTK_-3.1	20
WTi_3	WTi	TGEGFLCVFAINNTK_-0.1	6
WTi_3	WTi	QVVIDGETCLLDILDTAGQEEYSAMR_144.1	4
WTi_3	WTi	TGEGFLCVFAINNTK_-2.1	2
WTi_3	WTi	TGEGFLCVFAINNTK_143	6
WTi_3	WTi	TGEGFLCVFAINNTK_164.9	20
WTi_3	WTi	TGEGFLCVFAINNTK_180.9	22
WTi_3	WTi	KQVVIDGETCLLDILDTAGQEEYSAMR_138	8
WTi_3	WTi	SALTIQLIQNHFVDEYDPTIEDSYR_43	2
WTi_3	WTi	TGEGFLCVFAINNTK_249.1	4
WTi_3	WTi	QVVIDGETCLLDILDTAGQEEYSAMRDQYMR_0	90
WTi_3	WTi	QVVIDGETCLLDILDTAGQEEYSAMR_143.1	2
WTi_3	WTi	KQVVIDGETCLLDILDTAGQEEYSAMR_37.9	28
WTi_3	WTi	KQVVIDGETCLLDILDTAGQEEYSAMR_2	14
WTi_3	WTi	QVVIDGETCLLDILDTAGQEEYSAMR_71.1	6
WTi_3	WTi	KQVVIDGETCLLDILDTAGQEEYSAMR_21.9	2
WTi_3	WTi	QVVIDGETCLLDILDTAGQEEYSAMRDQYMR_22	8
WTi_3	WTi	KQVVIDGETCLLDILDTAGQEEYSAMR_75.9	4
WTi_3	WTi	QVVIDGETCLLDILDTAGQEEYSAMRDQYMR_1	10
WTi_3	WTi	TGEGFLCVFAINNTK_22.9	2
WTi_3	WTi	KQVVIDGETCLLDILDTAGQEEYSAMR_59.9	2
WTi_3	WTi	KQVVIDGETCLLDILDTAGQEEYSAMR_23.9	4
WTi_3	WTi	TGEGFLCVFAINNTK_6.9	8
WTi_3	WTi	KQVVIDGETCLLDILDTAGQEEYSAMRDQYMR_38	4
WTi_3	WTi	QVVIDGETCLLDILDTAGQEEYSAMR_0	60
WTi_3	WTi	QVVIDGETCLLDILDTAGQEEYSAMR_15	4
WTi_3	WTi	QVVIDGETCLLDILDTAGQEEYSAMR_128.1	6
WTi_3	WTi	QVVIDGETCLLDILDTAGQEEYSAMR_22	24
WTi_3	WTi	QVVIDGETCLLDILDTAGQEEYSAMR_23	10
WTi_3	WTi	QVVIDGETCLLDILDTAGQEEYSAMR_1	22
WTi_3	WTi	QVVIDGETCLLDILDTAGQEEYSAMR_53.9	6
WTi_3	WTi	QVVIDGETCLLDILDTAGQEEYSAMR_4	2
WTi_3	WTi	QVVIDGETCLLDILDTAGQEEYSAMR_75.9	8
WTi_3	WTi	SALTIQLIQNHFVDEYDPTIEDSYR_-2.1	4
WTi_3	WTi	KQVVIDGETCLLDILDTAGQEEYSAMR_93	2
WTi_3	WTi	QVVIDGETCLLDILDTAGQEEYSAMR_-24	4
WTi_3	WTi	QVVIDGETCLLDILDTAGQEEYSAMRDQYMR_37.9	8
WTi_3	WTi	QVVIDGETCLLDILDTAGQEEYSAMR_38	14
WTi_3	WTi	QVVIDGETCLLDILDTAGQEEYSAMR_-12	2
WTi_3	WTi	QVVIDGETCLLDILDTAGQEEYSAMRDQYMR_-17	16
WTi_3	WTi	QVVIDGETCLLDILDTAGQEEYSAMR_-57	4
WTi_3	WTi	QVVIDGETCLLDILDTAGQEEYSAMR_-56	2
WTi_3	WTi	QVVIDGETCLLDILDTAGQEEYSAMR_93	2
WTi_3	WTi	QVVIDGETCLLDILDTAGQEEYSAMR_-25	6
WTi_3	WTi	QVVIDGETCLLDILDTAGQEEYSAMR_20.9	8
WTi_3	WTi	QVVIDGETCLLDILDTAGQEEYSAMR_-17	49
WTi_3	WTi	QVVIDGETCLLDILDTAGQEEYSAMR_92.9	2
WTi_3	WTi	QVVIDGETCLLDILDTAGQEEYSAMR_-1	2
WTi_3	WTi	QVVIDGETCLLDILDTAGQEEYSAMR_-16	6
WTi_3	WTi	QVVIDGETCLLDILDTAGQEEYSAMR_-74	6
WTi_3	WTi	QVVIDGETCLLDILDTAGQEEYSAMR_-41.1	2
WTi_3	WTi	SFEDIHHYR_38	2
WTi_3	WTi	SFEDIHHYREQIKR_37.9	4
WTi_3	WTi	SFEDIHHYREQIKR_1	4
WTi_3	WTi	LVVVGAGGVGK_22	2
WTi_3	WTi	VKDSEDVPMVLVGNKCDLPSR_32	2
WTi_3	WTi	MTEYKLVVVGAGGVGK_61	2
WTi_3	WTi	VKDSEDVPMVLVGNK_0.1	2
WTi_3	WTi	DSEDVPMVLVGNKCDLPSR_250.1	2
WTi_3	WTi	VKDSEDVPMVLVGNKCDLPSR_8	2
WTi_3	WTi	VKDSEDVPMVLVGNKCDLPSR_79	2
WTi_3	WTi	TRQGVDDAFYTLVR_8	2
WTi_3	WTi	TEYKLVVVGAGGVGK_219.1	2
WTi_3	WTi	MTEYKLVVVGAGGVGK_45	2
WTi_3	WTi	VKDSEDVPMVLVGNKCDLPSR_-2.1	2
WTi_3	WTi	VKDSEDVPMVLVGNKCDLPSR_-8	2
WTi_3	WTi	DSEDVPMVLVGNK_23	2
WTi_3	WTi	TRQGVDDAFYTLVR_24	4
WTi_3	WTi	VKDSEDVPMVLVGNK_45	2
WTi_3	WTi	TGEGFLCVFAINNTK_-27.1	2
WTi_3	WTi	SYGIPFIETSAK_38	2
WTi_3	WTi	SYGIPFIETSAK_14	4
WTi_3	WTi	SYGIPFIETSAK_57	6
WTi_3	WTi	TGEGFLCVFAINNTK_302.1	2
WTi_3	WTi	SALTIQLIQNHFVDEYDPTIEDSYRK_-35	2
WTi_3	WTi	SALTIQLIQNHFVDEYDPTIEDSYRK_91.9	2
WTi_3	WTi	SALTIQLIQNHFVDEYDPTIEDSYRK_114.6	2
WTi_3	WTi	QGVDDAFYTLVR_-0.9	2
WTi_3	WTi	SALTIQLIQNHFVDEYDPTIEDSYRK_17	2
WTi_3	WTi	TGEGFLCVFAINNTK_-17	2
WTi_3	WTi	TGEGFLCVFAINNTK_55	4
WTi_3	WTi	SALTIQLIQNHFVDEYDPTIEDSYR_23.9	2
WTi_3	WTi	SALTIQLIQNHFVDEYDPTIEDSYR_61.9	2
WTi_3	WTi	SALTIQLIQNHFVDEYDPTIEDSYR_60.9	4
WTi_3	WTi	SALTIQLIQNHFVDEYDPTIEDSYR_76.9	2
WTi_3	WTi	TGEGFLCVFAINNTK_199	6
WTi_3	WTi	TGEGFLCVFAINNTK_225	6
WTi_3	WTi	TGEGFLCVFAINNTK_4	2
WTi_3	WTi	TGEGFLCVFAINNTK_95	2
WTi_3	WTi	TGEGFLCVFAINNTK_161.9	4
WTi_3	WTi	SALTIQLIQNHFVDEYDPTIEDSYR_39	2
WTi_3	WTi	TGEGFLCVFAINNTK_-4.9	2
WTi_3	WTi	KQVVIDGETCLLDILDTAGQEEYSAMR_41	2
WTi_3	WTi	QGVEDAFYTLVR_21.9	2
WTi_3	WTi	QGVDDAFYTLVR_7	2
WTi_3	WTi	TGEGFLCVFAINNTK_169.9	2
WTi_3	WTi	SALTIQLIQNHFVDEYDPTIEDSYR_2	2
WTi_3	WTi	SALTIQLIQNHFVDEYDPTIEDSYRK_183.1	2
WTi_3	WTi	TGEGFLCVFAINNTK_246	2
WTi_3	WTi	QVVIDGETCLLDILDTAGQEEYSAMRDQYMR_41	2
WTi_3	WTi	TGEGFLCVFAINNTK_141	2
WTi_3	WTi	KQVVIDGETCLLDILDTAGQEEYSAMRDQYMR_2	2
WTi_3	WTi	TGEGFLCVFAINNTK_14.9	2
WTi_3	WTi	TGEGFLCVFAINNTK_263.1	4
WTi_3	WTi	QVVIDGETCLLDILDTAGQEEYSAMR_103.1	4
WTi_3	WTi	TGEGFLCVFAINNTK_174.9	8
WTi_3	WTi	TGEGFLCVFAINNTK_15.9	2
WTi_3	WTi	TGEGFLCVFAINNTK_221	2
WTi_3	WTi	TGEGFLCVFAINNTK_-24	2
WTi_3	WTi	KQVVIDGETCLLDILDTAGQEEYSAMR_38	6
WTi_3	WTi	KQVVIDGETCLLDILDTAGQEEYSAMR_3	2
WTi_3	WTi	KQVVIDGETCLLDILDTAGQEEYSAMR_42.1	2
WTi_3	WTi	SALTIQLIQNHFVDEYDPTIEDSYRK_0.9	2
WTi_3	WTi	TGEGFLCVFAINNTK_60.9	4
WTi_3	WTi	KQVVIDGETCLLDILDTAGQEEYSAMR_76.9	2
WTi_3	WTi	SALTIQLIQNHFVDEYDPTIEDSYR_-1.1	2
WTi_3	WTi	KQVVIDGETCLLDILDTAGQEEYSAMR_92.9	2
WTi_3	WTi	KQVVIDGETCLLDILDTAGQEEYSAMR_109	2
WTi_3	WTi	QVVIDGETCLLDILDTAGQEEYSAMR_14	2
WTi_3	WTi	QVVIDGETCLLDILDTAGQEEYSAMR_-9	2
WTi_3	WTi	QVVIDGETCLLDILDTAGQEEYSAMR_111.1	2
WTi_3	WTi	QVVIDGETCLLDILDTAGQEEYSAMR_-26.1	2
WTi_3	WTi	QVVIDGETCLLDILDTAGQEEYSAMR_-17.1	2
