KLNPPDESGPGCMSCK_0	16	KLNPPDESGPGCMSCK_0
KLNPPDESGPGCMSCK_52.9	16	KLNPPDESGPGCMSCK_52.9
KLNPPDESGPGCMSCK_17	16	KLNPPDESGPGCMSCK_17
KLNPPDESGPGCMSCK_28	16	KLNPPDESGPGCMSCK_28
LNPPDESGPGCMSCK_0	15	LNPPDESGPGCMSCK_0
KLNPPDESGPGCMSCK_-9	16	KLNPPDESGPGCMSCK_-9
KLNPPDESGPGCMSCK_152	16	KLNPPDESGPGCMSCK_152
KLNPPDESGPGCMSCK_138	16	KLNPPDESGPGCMSCK_138
KLNPPDESGPGCMSCK_196	16	KLNPPDESGPGCMSCK_196
LNPPDESGPGCMSCK_28	15	LNPPDESGPGCMSCK_28
SFEDIHQYR_16	9	SFEDIHQYR_16
KLNPPDESGPGCMSCK_43	16	KLNPPDESGPGCMSCK_43
KLNPPDESGPGCMSCK_168	16	KLNPPDESGPGCMSCK_168
LNPPDESGPGCMSCK_-1	15	LNPPDESGPGCMSCK_-1
KLNPPDESGPGCMSCK_197	16	KLNPPDESGPGCMSCK_197
KLNPPDESGPGCMSCK_55	16	KLNPPDESGPGCMSCK_55
SFEDIHQYR_0	9	SFEDIHQYR_0
KLNPPDESGPGCMSCK_153	16	KLNPPDESGPGCMSCK_153
LNPPDESGPGCMSCK_43	15	LNPPDESGPGCMSCK_43
RVKDSDDVPMVLVGNK_0	16	RVKDSDDVPMVLVGNK_0
LNPPDESGPGCMSCK_138	15	LNPPDESGPGCMSCK_138
LVVVGAGGVGK_0	11	LVVVGAGGVGK_0
SFEDIHQYR_196	9	SFEDIHQYR_196
YDPTIEDSYR_0	10	YDPTIEDSYR_0
VKDSDDVPMVLVGNK_0	15	VKDSDDVPMVLVGNK_0
VKDSDDVPMVLVGNK_22	15	VKDSDDVPMVLVGNK_22
VKDSDDVPMVLVGNK_313.1	15	VKDSDDVPMVLVGNK_313.1
VKDSDDVPMVLVGNK_280.2	15	VKDSDDVPMVLVGNK_280.2
VKDSDDVPMVLVGNK_314.1	15	VKDSDDVPMVLVGNK_314.1
VKDSDDVPMVLVGNK_414.2	15	VKDSDDVPMVLVGNK_414.2
SFEDIHQYR_45	9	SFEDIHQYR_45
VKDSDDVPMVLVGNK_28	15	VKDSDDVPMVLVGNK_28
LVVVGAGGVGK_196	11	LVVVGAGGVGK_196
VKDSDDVPMVLVGNKCDLAAR_0	21	VKDSDDVPMVLVGNKCDLAAR_0
VKDSDDVPMVLVGNKCDLAAR_52.9	21	VKDSDDVPMVLVGNKCDLAAR_52.9
SDDVPMVLVGNK_0	12	SDDVPMVLVGNK_0
SFEDIHQYR_43	9	SFEDIHQYR_43
VKDSDDVPMVLVGNK_196	15	VKDSDDVPMVLVGNK_196
LVVVGAGGVGK_0.9	11	LVVVGAGGVGK_0.9
SFEDIHQYR_28	9	SFEDIHQYR_28
VKDSDDVPMVLVGNKCDLAAR_28	21	VKDSDDVPMVLVGNKCDLAAR_28
VKDSDDVPMVLVGNKCDLAAR_-14	21	VKDSDDVPMVLVGNKCDLAAR_-14
DSDDVPMVLVGNK_0	13	DSDDVPMVLVGNK_0
VKDSDDVPMVLVGNKCDLAAR_-25	21	VKDSDDVPMVLVGNKCDLAAR_-25
VKDSDDVPMVLVGNKCDLAAR_152	21	VKDSDDVPMVLVGNKCDLAAR_152
VKDSDDVPMVLVGNKCDLAAR_-9	21	VKDSDDVPMVLVGNKCDLAAR_-9
VKDSDDVPMVLVGNKCDLAAR_196	21	VKDSDDVPMVLVGNKCDLAAR_196
VKDSDDVPMVLVGN_0	14	VKDSDDVPMVLVGN_0
VKDSDDVPMVLVGNK_43	15	VKDSDDVPMVLVGNK_43
RVKDSDDVPMVLVGNK_346.2	16	RVKDSDDVPMVLVGNK_346.2
VKDSDDVPMVLVGNK_174.1	15	VKDSDDVPMVLVGNK_174.1
VKDSDDVPMVLVGNK_6	15	VKDSDDVPMVLVGNK_6
VKDSDDVPMVLVGNKCDLAAR_139	21	VKDSDDVPMVLVGNKCDLAAR_139
VKDSDDVPMVLVGNK_312.1	15	VKDSDDVPMVLVGNK_312.1
DSDDVPMVLVGNK_28	13	DSDDVPMVLVGNK_28
DSDDVPMVLVGNKCDLAAR_0	19	DSDDVPMVLVGNKCDLAAR_0
VKDSDDVPMVLVGNKCDLAAR_180	21	VKDSDDVPMVLVGNKCDLAAR_180
VKDSDDVPMVLVGNK_1	15	VKDSDDVPMVLVGNK_1
MTEYKLVVVGAGGVGK_231.1	16	MTEYKLVVVGAGGVGK_231.1
SYGIPYIETSAK_16	12	SYGIPYIETSAK_16
LVVVGAGGVGK_-0.1	11	LVVVGAGGVGK_-0.1
VKDSDDVPMVLVGNKCDLAAR_43	21	VKDSDDVPMVLVGNKCDLAAR_43
RVKDSDDVPMVLVGN_0	15	RVKDSDDVPMVLVGN_0
DSDDVPMVLVGNK_196	13	DSDDVPMVLVGNK_196
VKDSDDVPMVLVGNKCDLAAR_304	21	VKDSDDVPMVLVGNKCDLAAR_304
DSDDVPMVLVGNKCDLAAR_28	19	DSDDVPMVLVGNKCDLAAR_28
VKDSDDVPMVLVGNK_-17	15	VKDSDDVPMVLVGNK_-17
DSDDVPMVLVGNK_43	13	DSDDVPMVLVGNK_43
VKDSDDVPMVLVGNKCDLAAR_138	21	VKDSDDVPMVLVGNKCDLAAR_138
DSDDVPMVLVGNK_60	13	DSDDVPMVLVGNK_60
VKDSDDVPMVLVGNKCDLAAR_71	21	VKDSDDVPMVLVGNKCDLAAR_71
YGIPYIETSAK_0	11	YGIPYIETSAK_0
SYGIPYIETSAK_0	12	SYGIPYIETSAK_0
DSDDVPMVLVGNKCDLAAR_43	19	DSDDVPMVLVGNKCDLAAR_43
SYGIPYIETSAK_349.1	12	SYGIPYIETSAK_349.1
VKDSDDVPMVLVGNKCDLAAR_45	21	VKDSDDVPMVLVGNKCDLAAR_45
SYGIPYIETSAK_28	12	SYGIPYIETSAK_28
QGVEDAFYTLVR_16	12	QGVEDAFYTLVR_16
LVVVGAGGVGK_43	11	LVVVGAGGVGK_43
LVVVGAGGVGK_1	11	LVVVGAGGVGK_1
LVVVGAGGVGK_28	11	LVVVGAGGVGK_28
VKDSDDVPMVLVGNK_71	15	VKDSDDVPMVLVGNK_71
SYGIPYIETSAK_196	12	SYGIPYIETSAK_196
TRQGVEDAFYTLVR_0	14	TRQGVEDAFYTLVR_0
TRQGVEDAFYTLVR_22	14	TRQGVEDAFYTLVR_22
VEDAFYTLVR_0	10	VEDAFYTLVR_0
QGVEDAFYTLVR_0	12	QGVEDAFYTLVR_0
TGEGFLCVFAINNTK_16	15	TGEGFLCVFAINNTK_16
TRQGVEDAFYTLVR_28	14	TRQGVEDAFYTLVR_28
SYGIPYIETSAK_43	12	SYGIPYIETSAK_43
LVVVGAGGVGK_71	11	LVVVGAGGVGK_71
TRQGVEDAFYTLVR_195.9	14	TRQGVEDAFYTLVR_195.9
TRQGVEDAFYTLVR_196	14	TRQGVEDAFYTLVR_196
SALTIQLIQNHFVDEYDPTIEDSYRK_1	26	SALTIQLIQNHFVDEYDPTIEDSYRK_1
SALTIQLIQNHFVDEYDPTIEDSYRK_53.9	26	SALTIQLIQNHFVDEYDPTIEDSYRK_53.9
QGVEDAFYTLVR_14	12	QGVEDAFYTLVR_14
SALTIQLIQNHFVDEYDPTIEDSYRK_-14	26	SALTIQLIQNHFVDEYDPTIEDSYRK_-14
SALTIQLIQNHFVDEYDPTIEDSYRK_29	26	SALTIQLIQNHFVDEYDPTIEDSYRK_29
QGVEDAFYTLVR_43	12	QGVEDAFYTLVR_43
GVEDAFYTLVR_0	11	GVEDAFYTLVR_0
QGVEDAFYTLVR_37.9	12	QGVEDAFYTLVR_37.9
SALTIQLIQNHFVDEYDPTIEDSYRK_0	26	SALTIQLIQNHFVDEYDPTIEDSYRK_0
QGVEDAFYTLVR_52.9	12	QGVEDAFYTLVR_52.9
QGVEDAFYTLVR_-18	12	QGVEDAFYTLVR_-18
QGVEDAFYTLVR_22	12	QGVEDAFYTLVR_22
SALTIQLIQNHFVDEYDPTIEDSYRK_-17	26	SALTIQLIQNHFVDEYDPTIEDSYRK_-17
SALTIQLIQNHFVDEYDPTIEDSYRK_22	26	SALTIQLIQNHFVDEYDPTIEDSYRK_22
SALTIQLIQNHFVDEYDPTIEDSYRK_314.2	26	SALTIQLIQNHFVDEYDPTIEDSYRK_314.2
SALTIQLIQNHFVDEYDPTIEDSYRK_39	26	SALTIQLIQNHFVDEYDPTIEDSYRK_39
SALTIQLIQNHFVDEYDPTIEDSYRK_153.8	26	SALTIQLIQNHFVDEYDPTIEDSYRK_153.8
SALTIQLIQNHFVDEYDPTIEDSYRK_247.1	26	SALTIQLIQNHFVDEYDPTIEDSYRK_247.1
SALTIQLIQNHFVDEYDPTIEDSYRK_37.9	26	SALTIQLIQNHFVDEYDPTIEDSYRK_37.9
QGVEDAFYTLVR_26	12	QGVEDAFYTLVR_26
LVVVGAGGVGK_44	11	LVVVGAGGVGK_44
SALTIQLIQNHFVDEYDPTIEDSYRK_28	26	SALTIQLIQNHFVDEYDPTIEDSYRK_28
SALTIQLIQNHFVDEYDPTIEDSYR_1	25	SALTIQLIQNHFVDEYDPTIEDSYR_1
SALTIQLIQNHFVDEYDPTIEDSYR_-13	25	SALTIQLIQNHFVDEYDPTIEDSYR_-13
KQVVIDGETCLLDILDTAGQEEYSAMR_1	27	KQVVIDGETCLLDILDTAGQEEYSAMR_1
QGVEDAFYTLVR_28	12	QGVEDAFYTLVR_28
QGVEDAFYTLVR_1	12	QGVEDAFYTLVR_1
TRQGVEDAFYTLVR_43	14	TRQGVEDAFYTLVR_43
LVVVGAGGVGK_2	11	LVVVGAGGVGK_2
SALTIQLIQNHFVDEYDPTIEDSYRK_197	26	SALTIQLIQNHFVDEYDPTIEDSYRK_197
SALTIQLIQNHFVDEYDPTIEDSYR_29	25	SALTIQLIQNHFVDEYDPTIEDSYR_29
TGEGFLCVFAINNTK_104	15	TGEGFLCVFAINNTK_104
SALTIQLIQNHFVDEYDPTIEDSYRK_196	26	SALTIQLIQNHFVDEYDPTIEDSYRK_196
SALTIQLIQNHFVDEYDPTIEDSYR_-14	25	SALTIQLIQNHFVDEYDPTIEDSYR_-14
TGEGFLCVFAINNTK_0	15	TGEGFLCVFAINNTK_0
GEGFLCVFAINNTK_0	14	GEGFLCVFAINNTK_0
TGEGFLCVFAINNTK_22	15	TGEGFLCVFAINNTK_22
TGEGFLCVFAINNTK_44	15	TGEGFLCVFAINNTK_44
TGEGFLCVFAINNTK_434.2	15	TGEGFLCVFAINNTK_434.2
TGEGFLCVFAINNTKSFEDIHQYR_-14	24	TGEGFLCVFAINNTKSFEDIHQYR_-14
TGEGFLCVFAINNTKSFEDIHQYR_152	24	TGEGFLCVFAINNTKSFEDIHQYR_152
QGVEDAFYTLVR_196	12	QGVEDAFYTLVR_196
SALTIQLIQNHFVDEYDPTIEDSYRK_43	26	SALTIQLIQNHFVDEYDPTIEDSYRK_43
SALTIQLIQNHFVDEYDPTIEDSYR_-17	25	SALTIQLIQNHFVDEYDPTIEDSYR_-17
SALTIQLIQNHFVDEYDPTIEDSYR_52.9	25	SALTIQLIQNHFVDEYDPTIEDSYR_52.9
SALTIQLIQNHFVDEYDPTIEDSYR_22	25	SALTIQLIQNHFVDEYDPTIEDSYR_22
SALTIQLIQNHFVDEYDPTIEDSYR_0	25	SALTIQLIQNHFVDEYDPTIEDSYR_0
SALTIQLIQNHFVDEYDPTIEDSYR_37.9	25	SALTIQLIQNHFVDEYDPTIEDSYR_37.9
SALTIQLIQNHFVDEYDPTIEDSYR_376.2	25	SALTIQLIQNHFVDEYDPTIEDSYR_376.2
SALTIQLIQNHFVDEYDPTIEDSYR_38.9	25	SALTIQLIQNHFVDEYDPTIEDSYR_38.9
QVVIDGETCLLDILDTAGQEEYSAMR_0	26	QVVIDGETCLLDILDTAGQEEYSAMR_0
TRQGVEDAFYTLVREIR_0	17	TRQGVEDAFYTLVREIR_0
TGEGFLCVFAINNTK_28	15	TGEGFLCVFAINNTK_28
TGEGFLCVFAINNTK_1	15	TGEGFLCVFAINNTK_1
SALTIQLIQNHFVDEYDPTIEDSYR_54.9	25	SALTIQLIQNHFVDEYDPTIEDSYR_54.9
TGEGFLCVFAINNTK_-14	15	TGEGFLCVFAINNTK_-14
SALTIQLIQNHFVDEYDPTIEDSYR_171.1	25	SALTIQLIQNHFVDEYDPTIEDSYR_171.1
SALTIQLIQNHFVDEYDPTIEDSYR_28	25	SALTIQLIQNHFVDEYDPTIEDSYR_28
TGEGFLCVFAINNTK_152	15	TGEGFLCVFAINNTK_152
QVVIDGETCLLDILDTAGQEEYSAMR_144.1	26	QVVIDGETCLLDILDTAGQEEYSAMR_144.1
TGEGFLCVFAINNTK_26	15	TGEGFLCVFAINNTK_26
TGEGFLCVFAINNTK_138	15	TGEGFLCVFAINNTK_138
TGEGFLCVFAINNTK_304	15	TGEGFLCVFAINNTK_304
KQVVIDGETCLLDILDTAGQEEYSAMR_0	27	KQVVIDGETCLLDILDTAGQEEYSAMR_0
SALTIQLIQNHFVDEYDPTIEDSYR_196	25	SALTIQLIQNHFVDEYDPTIEDSYR_196
TGEGFLCVFAINNTKSFEDIHQYR_43	24	TGEGFLCVFAINNTKSFEDIHQYR_43
TGEGFLCVFAINNTK_180	15	TGEGFLCVFAINNTK_180
SALTIQLIQNHFVDEYDPTIEDSYRK_45	26	SALTIQLIQNHFVDEYDPTIEDSYRK_45
TGEGFLCVFAINNTK_196	15	TGEGFLCVFAINNTK_196
TRQGVEDAFYTLVR_1	14	TRQGVEDAFYTLVR_1
KQVVIDGETCLLDILDTAGQEEYSAMRDQYMR_0	32	KQVVIDGETCLLDILDTAGQEEYSAMRDQYMR_0
SALTIQLIQNHFVDEYDPTIEDSYRK_42	26	SALTIQLIQNHFVDEYDPTIEDSYRK_42
SALTIQLIQNHFVDEYDPTIEDSYRK_65	26	SALTIQLIQNHFVDEYDPTIEDSYRK_65
KQVVIDGETCLLDILDTAGQEEYSAMRDQYMR_28	32	KQVVIDGETCLLDILDTAGQEEYSAMRDQYMR_28
QVVIDGETCLLDILDTAGQEEYSAMR_110.1	26	QVVIDGETCLLDILDTAGQEEYSAMR_110.1
QGVEDAFYTLVR_-17	12	QGVEDAFYTLVR_-17
KQVVIDGETCLLDILDTAGQEEYSAMR_38	27	KQVVIDGETCLLDILDTAGQEEYSAMR_38
KQVVIDGETCLLDILDTAGQEEYSAMR_22	27	KQVVIDGETCLLDILDTAGQEEYSAMR_22
KQVVIDGETCLLDILDTAGQEEYSAMR_52.9	27	KQVVIDGETCLLDILDTAGQEEYSAMR_52.9
KQVVIDGETCLLDILDTAGQEEYSAMR_28	27	KQVVIDGETCLLDILDTAGQEEYSAMR_28
KLNPPDESGPGCMSCK_280.2	16	KLNPPDESGPGCMSCK_280.2
SALTIQLIQNHFVDEYDPTIEDSYRK_71	26	SALTIQLIQNHFVDEYDPTIEDSYRK_71
QVVIDGETCLLDILDTAGQEEYSAMRDQYMR_0	31	QVVIDGETCLLDILDTAGQEEYSAMRDQYMR_0
TGEGFLCVFAINNTK_43	15	TGEGFLCVFAINNTK_43
TGEGFLCVFAINNTK_-9	15	TGEGFLCVFAINNTK_-9
QVVIDGETCLLDILDTAGQEEYSAMR_22	26	QVVIDGETCLLDILDTAGQEEYSAMR_22
TGEGFLCVFAINNTK_65	15	TGEGFLCVFAINNTK_65
QVVIDGETCLLDILDTAGQEEYSAMR_38	26	QVVIDGETCLLDILDTAGQEEYSAMR_38
QVVIDGETCLLDILDTAGQEEYSAMR_55.9	26	QVVIDGETCLLDILDTAGQEEYSAMR_55.9
QVVIDGETCLLDILDTAGQEEYSAMR_24	26	QVVIDGETCLLDILDTAGQEEYSAMR_24
QVVIDGETCLLDILDTAGQEEYSAMR_54.9	26	QVVIDGETCLLDILDTAGQEEYSAMR_54.9
QVVIDGETCLLDILDTAGQEEYSAMR_-16	26	QVVIDGETCLLDILDTAGQEEYSAMR_-16
QVVIDGETCLLDILDTAGQEEYSAMR_28	26	QVVIDGETCLLDILDTAGQEEYSAMR_28
QGVEDAFYTLVR_71	12	QGVEDAFYTLVR_71
TGEGFLCVFAINNTK_50	15	TGEGFLCVFAINNTK_50
QVVIDGETCLLDILDTAGQEEYSAMR_196	26	QVVIDGETCLLDILDTAGQEEYSAMR_196
SALTIQLIQNHFVDEYDPTIEDSYR_71	25	SALTIQLIQNHFVDEYDPTIEDSYR_71
KQVVIDGETCLLDILDTAGQEEYSAMR_43	27	KQVVIDGETCLLDILDTAGQEEYSAMR_43
QGVEDAFYTLVR_0.1	12	QGVEDAFYTLVR_0.1
QVVIDGETCLLDILDTAGQEEYSAMR_20.9	26	QVVIDGETCLLDILDTAGQEEYSAMR_20.9
KQVVIDGETCLLDILDTAGQEEYSAMR_3	27	KQVVIDGETCLLDILDTAGQEEYSAMR_3
QVVIDGETCLLDILDTAGQEEYSAMR_30	26	QVVIDGETCLLDILDTAGQEEYSAMR_30
QVVIDGETCLLDILDTAGQEEYSAMR_43	26	QVVIDGETCLLDILDTAGQEEYSAMR_43
QVVIDGETCLLDILDTAGQEEYSAMR_1	26	QVVIDGETCLLDILDTAGQEEYSAMR_1
LVVVGAGGVGK_452.3	11	LVVVGAGGVGK_452.3
LVVVGAGGVGK_496.3	11	LVVVGAGGVGK_496.3
SALTIQLIQNHFVDEYDPTIEDSYRK_2	26	SALTIQLIQNHFVDEYDPTIEDSYRK_2
SALTIQLIQNHFVDEYDPTIEDSYR_3	25	SALTIQLIQNHFVDEYDPTIEDSYR_3
QVVIDGETCLLDILDTAGQEEYSAMR_2	26	QVVIDGETCLLDILDTAGQEEYSAMR_2
TGEGFLCVFAINNTK_2	15	TGEGFLCVFAINNTK_2
KLNPPDESGPGCMSCK_8	16	KLNPPDESGPGCMSCK_8
KLNPPDESGPGCMSCK_1	16	KLNPPDESGPGCMSCK_1
LNPPDESGPGCMSCK_1	15	LNPPDESGPGCMSCK_1
LNPPDESGPGCMSCK_2	15	LNPPDESGPGCMSCK_2
KLNPPDESGPGCMSCK_22	16	KLNPPDESGPGCMSCK_22
KLNPPDESGPGCMSCK_12	16	KLNPPDESGPGCMSCK_12
LVVVGAGGVGK_128.1	11	LVVVGAGGVGK_128.1
KLNPPDESGPGCMSCK_304	16	KLNPPDESGPGCMSCK_304
KLNPPDESGPGCMSCK_-8	16	KLNPPDESGPGCMSCK_-8
KLNPPDESGPGCMSCK_180	16	KLNPPDESGPGCMSCK_180
LNPPDESGPGCMSCK_-15	15	LNPPDESGPGCMSCK_-15
LNPPDESGPGCMSCK_152	15	LNPPDESGPGCMSCK_152
KLNPPDESGPGCMSCK_346	16	KLNPPDESGPGCMSCK_346
KLNPPDESGPGCMSCK_71	16	KLNPPDESGPGCMSCK_71
LNPPDESGPGCMSCK_304	15	LNPPDESGPGCMSCK_304
VKDSDDVPMVLVGNKCDLAAR_1	21	VKDSDDVPMVLVGNKCDLAAR_1
DSDDVPMVLVGNK_22	13	DSDDVPMVLVGNK_22
SFEDIHQYR_56	9	SFEDIHQYR_56
VKDSDDVPMVLVGNK_21.9	15	VKDSDDVPMVLVGNK_21.9
TEYKLVVVGAGGVGK_404.2	15	TEYKLVVVGAGGVGK_404.2
VKDSDDVPMVLVGNKCDLAAR_53.9	21	VKDSDDVPMVLVGNKCDLAAR_53.9
VKDSDDVPMVLVGNKCDLAAR_72	21	VKDSDDVPMVLVGNKCDLAAR_72
DSDDVPMVLVGNK_1	13	DSDDVPMVLVGNK_1
DSDDVPMVLVGNK_65	13	DSDDVPMVLVGNK_65
SYGIPYIETSAK_45	12	SYGIPYIETSAK_45
SALTIQLIQNHFVDEYDPTIEDSYRK_104.1	26	SALTIQLIQNHFVDEYDPTIEDSYRK_104.1
SALTIQLIQNHFVDEYDPTIEDSYRK_-13	26	SALTIQLIQNHFVDEYDPTIEDSYRK_-13
TRQGVEDAFYTLVR_45	14	TRQGVEDAFYTLVR_45
QGVEDAFYTLVR_375.2	12	QGVEDAFYTLVR_375.2
SALTIQLIQNHFVDEYDPTIEDSYRK_-18	26	SALTIQLIQNHFVDEYDPTIEDSYRK_-18
SALTIQLIQNHFVDEYDPTIEDSYRK_52.9	26	SALTIQLIQNHFVDEYDPTIEDSYRK_52.9
SALTIQLIQNHFVDEYDPTIEDSYRK_313.1	26	SALTIQLIQNHFVDEYDPTIEDSYRK_313.1
SALTIQLIQNHFVDEYDPTIEDSYRK_107.8	26	SALTIQLIQNHFVDEYDPTIEDSYRK_107.8
SALTIQLIQNHFVDEYDPTIEDSYRK_38.9	26	SALTIQLIQNHFVDEYDPTIEDSYRK_38.9
TGEGFLCVFAINNTK_436.2	15	TGEGFLCVFAINNTK_436.2
TGEGFLCVFAINNTK_8	15	TGEGFLCVFAINNTK_8
KQVVIDGETCLLDILDTAGQEEYSAMR_17	27	KQVVIDGETCLLDILDTAGQEEYSAMR_17
TGEGFLCVFAINNTK_-57	15	TGEGFLCVFAINNTK_-57
TGEGFLCVFAINNTKSFEDIHQYR_-9	24	TGEGFLCVFAINNTKSFEDIHQYR_-9
TGEGFLCVFAINNTK_29	15	TGEGFLCVFAINNTK_29
TGEGFLCVFAINNTK_153	15	TGEGFLCVFAINNTK_153
TGEGFLCVFAINNTK_11	15	TGEGFLCVFAINNTK_11
QVVIDGETCLLDILDTAGQEEYSAMR_111.1	26	QVVIDGETCLLDILDTAGQEEYSAMR_111.1
KQVVIDGETCLLDILDTAGQEEYSAMR_54.9	27	KQVVIDGETCLLDILDTAGQEEYSAMR_54.9
KQVVIDGETCLLDILDTAGQEEYSAMR_40	27	KQVVIDGETCLLDILDTAGQEEYSAMR_40
QVVIDGETCLLDILDTAGQEEYSAMRDQYMR_1	31	QVVIDGETCLLDILDTAGQEEYSAMRDQYMR_1
QVVIDGETCLLDILDTAGQEEYSAMR_52.9	26	QVVIDGETCLLDILDTAGQEEYSAMR_52.9
TGEGFLCVFAINNTK_60	15	TGEGFLCVFAINNTK_60
QVVIDGETCLLDILDTAGQEEYSAMR_46	26	QVVIDGETCLLDILDTAGQEEYSAMR_46
QVVIDGETCLLDILDTAGQEEYSAMR_37.9	26	QVVIDGETCLLDILDTAGQEEYSAMR_37.9
QVVIDGETCLLDILDTAGQEEYSAMR_23	26	QVVIDGETCLLDILDTAGQEEYSAMR_23
QVVIDGETCLLDILDTAGQEEYSAMRDQYMR_-17	31	QVVIDGETCLLDILDTAGQEEYSAMRDQYMR_-17
TRQGVEDAFYTLVR_443.1	14	TRQGVEDAFYTLVR_443.1
QVVIDGETCLLDILDTAGQEEYSAMR_-17	26	QVVIDGETCLLDILDTAGQEEYSAMR_-17
TGEGFLCVFAINNTK_117.1	15	TGEGFLCVFAINNTK_117.1
QVVIDGETCLLDILDTAGQEEYSAMR_5	26	QVVIDGETCLLDILDTAGQEEYSAMR_5
QVVIDGETCLLDILDTAGQEEYSAMR_3	26	QVVIDGETCLLDILDTAGQEEYSAMR_3
KLNPPDESGPGCMSCK_135	16	KLNPPDESGPGCMSCK_135
LVVVGAGGVGK_16	11	LVVVGAGGVGK_16
KLNPPDESGPGCMSCK_136	16	KLNPPDESGPGCMSCK_136
LNPPDESGPGCMSCK_22	15	LNPPDESGPGCMSCK_22
KLNPPDESGPGCMSCK_122	16	KLNPPDESGPGCMSCK_122
KLNPPDESGPGCMSCK_166	16	KLNPPDESGPGCMSCK_166
KLNPPDESGPGCMSCK_77	16	KLNPPDESGPGCMSCK_77
LNPPDESGPGCMSCK_44	15	LNPPDESGPGCMSCK_44
LVVVGAGGVGK_218	11	LVVVGAGGVGK_218
LVVVGAGGVGK_171.1	11	LVVVGAGGVGK_171.1
VKDSDDVPMVLVGNK_227	15	VKDSDDVPMVLVGNK_227
LVVVGAGGVGK_26	11	LVVVGAGGVGK_26
DSDDVPMVLVGNKCDLAAR_152	19	DSDDVPMVLVGNKCDLAAR_152
DSDDVPMVLVGNK_1.1	13	DSDDVPMVLVGNK_1.1
VKDSDDVPMVLVGNKCDLAAR_153	21	VKDSDDVPMVLVGNKCDLAAR_153
VKDSDDVPMVLVGNKCDLAAR_306	21	VKDSDDVPMVLVGNKCDLAAR_306
SYGIPYIETSAK_22	12	SYGIPYIETSAK_22
SYGIPYIETSAK_218	12	SYGIPYIETSAK_218
VEDAFYTLVR_57	10	VEDAFYTLVR_57
QGVEDAFYTLVR_72	12	QGVEDAFYTLVR_72
QGVEDAFYTLVR_-2	12	QGVEDAFYTLVR_-2
SALTIQLIQNHFVDEYDPTIEDSYRK_312.1	26	SALTIQLIQNHFVDEYDPTIEDSYRK_312.1
KQVVIDGETCLLDILDTAGQEEYSAMR_2	27	KQVVIDGETCLLDILDTAGQEEYSAMR_2
QVVIDGETCLLDILDTAGQEEYSAMR_40	26	QVVIDGETCLLDILDTAGQEEYSAMR_40
TGEGFLCVFAINNTK_54.9	15	TGEGFLCVFAINNTK_54.9
QVVIDGETCLLDILDTAGQEEYSAMR_45	26	QVVIDGETCLLDILDTAGQEEYSAMR_45
KLNPPDESGPGCMSCK_134	16	KLNPPDESGPGCMSCK_134
KLNPPDESGPGCMSCK_-7.1	16	KLNPPDESGPGCMSCK_-7.1
KLNPPDESGPGCMSCK_-2.1	16	KLNPPDESGPGCMSCK_-2.1
KLNPPDESGPGCMSCK_143	16	KLNPPDESGPGCMSCK_143
KLNPPDESGPGCMSCK_184	16	KLNPPDESGPGCMSCK_184
SFEDIHQYR_14	9	SFEDIHQYR_14
YDPTIEDSYRK_0	11	YDPTIEDSYRK_0
LNPPDESGPGCMSCK_153	15	LNPPDESGPGCMSCK_153
KLNPPDESGPGCMSCK_58	16	KLNPPDESGPGCMSCK_58
KLNPPDESGPGCMSCK_44	16	KLNPPDESGPGCMSCK_44
SFEDIHQYR_44	9	SFEDIHQYR_44
LVVVGAGGVGK_58	11	LVVVGAGGVGK_58
VKDSDDVPMVLVGNKCDLAAR_59	21	VKDSDDVPMVLVGNKCDLAAR_59
LVVVGAGGVGK_80	11	LVVVGAGGVGK_80
KLNPPDESGPGCMSCK_56	16	KLNPPDESGPGCMSCK_56
VKDSDDVPMVLVGNK_38	15	VKDSDDVPMVLVGNK_38
VKDSDDVPMVLVGNK_326.1	15	VKDSDDVPMVLVGNK_326.1
VKDSDDVPMVLVGNK_217.1	15	VKDSDDVPMVLVGNK_217.1
VKDSDDVPMVLVGNK_32	15	VKDSDDVPMVLVGNK_32
VKDSDDVPMVLVGNK_26	15	VKDSDDVPMVLVGNK_26
VKDSDDVPMVLVGNKCDLAAR_186	21	VKDSDDVPMVLVGNKCDLAAR_186
VKDSDDVPMVLVGNKCDLAAR_22	21	VKDSDDVPMVLVGNKCDLAAR_22
SFEDIHQYR_232.1	9	SFEDIHQYR_232.1
VKDSDDVPMVLVGNKCDLAAR_-43	21	VKDSDDVPMVLVGNKCDLAAR_-43
VKDSDDVPMVLVGNKCDLAAR_168	21	VKDSDDVPMVLVGNKCDLAAR_168
VKDSDDVPMVLVGNKCDLAAR_184	21	VKDSDDVPMVLVGNKCDLAAR_184
DSDDVPMVLVGNK_249.1	13	DSDDVPMVLVGNK_249.1
VKDSDDVPMVLVGNKCDLAAR_44.9	21	VKDSDDVPMVLVGNKCDLAAR_44.9
SDDVPMVLVGNKCDLAAR_0	18	SDDVPMVLVGNKCDLAAR_0
SFEDIHQYR_71	9	SFEDIHQYR_71
VKDSDDVPMVLVGNK_186	15	VKDSDDVPMVLVGNK_186
VKDSDDVPMVLVGNK_206.2	15	VKDSDDVPMVLVGNK_206.2
VKDSDDVPMVLVGNK_-18	15	VKDSDDVPMVLVGNK_-18
DSDDVPMVLVGNK_32	13	DSDDVPMVLVGNK_32
SYGIPYIETSAK_-14	12	SYGIPYIETSAK_-14
DSDDVPMVLVGNK_-17	13	DSDDVPMVLVGNK_-17
DSDDVPMVLVGNKCDLAAR_-14	19	DSDDVPMVLVGNKCDLAAR_-14
VKDSDDVPMVLVGNK_44	15	VKDSDDVPMVLVGNK_44
DSDDVPMVLVGNKCDLAAR_-9	19	DSDDVPMVLVGNKCDLAAR_-9
TRQGVEDAFYTLVR_16	14	TRQGVEDAFYTLVR_16
SYGIPYIETSAK_14	12	SYGIPYIETSAK_14
VKDSDDVPMVLVGNKCDLAAR_34	21	VKDSDDVPMVLVGNKCDLAAR_34
VKDSDDVPMVLVGNK_54	15	VKDSDDVPMVLVGNK_54
SYGIPYIETSAK_348.1	12	SYGIPYIETSAK_348.1
SYGIPYIETSAK_314.1	12	SYGIPYIETSAK_314.1
SYGIPYIETSAK_44	12	SYGIPYIETSAK_44
SYGIPYIETSAK_58	12	SYGIPYIETSAK_58
DSDDVPMVLVGNK_71	13	DSDDVPMVLVGNK_71
SYGIPYIETSAKTR_43	14	SYGIPYIETSAKTR_43
SALTIQLIQNHFVDEYDPTIEDSYRK_3	26	SALTIQLIQNHFVDEYDPTIEDSYRK_3
TRQGVEDAFYTLVR_-17	14	TRQGVEDAFYTLVR_-17
TRQGVEDAFYTLVR_57	14	TRQGVEDAFYTLVR_57
SALTIQLIQNHFVDEYDPTIEDSYRK_34	26	SALTIQLIQNHFVDEYDPTIEDSYRK_34
SFEDIHQYR_50	9	SFEDIHQYR_50
TRQGVEDAFYTLVR_26	14	TRQGVEDAFYTLVR_26
SALTIQLIQNHFVDEYDPTIEDSYRK_104	26	SALTIQLIQNHFVDEYDPTIEDSYRK_104
SALTIQLIQNHFVDEYDPTIEDSYR_34	25	SALTIQLIQNHFVDEYDPTIEDSYR_34
TGEGFLCVFAINNTK_128.1	15	TGEGFLCVFAINNTK_128.1
KQVVIDGETCLLDILDTAGQEEYSAMR_36	27	KQVVIDGETCLLDILDTAGQEEYSAMR_36
SYGIPYIETSAK_1	12	SYGIPYIETSAK_1
SALTIQLIQNHFVDEYDPTIEDSYRK_16	26	SALTIQLIQNHFVDEYDPTIEDSYRK_16
SALTIQLIQNHFVDEYDPTIEDSYRK_14	26	SALTIQLIQNHFVDEYDPTIEDSYRK_14
SYGIPYIETSAK_71	12	SYGIPYIETSAK_71
TGEGFLCVFAINNTK_33.9	15	TGEGFLCVFAINNTK_33.9
QGVEDAFYTLVR_361.2	12	QGVEDAFYTLVR_361.2
QGVEDAFYTLVR_318.2	12	QGVEDAFYTLVR_318.2
SALTIQLIQNHFVDEYDPTIEDSYR_129.1	25	SALTIQLIQNHFVDEYDPTIEDSYR_129.1
SALTIQLIQNHFVDEYDPTIEDSYRK_72	26	SALTIQLIQNHFVDEYDPTIEDSYRK_72
SALTIQLIQNHFVDEYDPTIEDSYR_156.1	25	SALTIQLIQNHFVDEYDPTIEDSYR_156.1
SALTIQLIQNHFVDEYDPTIEDSYRK_23	26	SALTIQLIQNHFVDEYDPTIEDSYRK_23
SALTIQLIQNHFVDEYDPTIEDSYRK_347.1	26	SALTIQLIQNHFVDEYDPTIEDSYRK_347.1
TRQGVEDAFYTLVR_55	14	TRQGVEDAFYTLVR_55
TGEGFLCVFAINNTK_73	15	TGEGFLCVFAINNTK_73
QVVIDGETCLLDILDTAGQEEYSAMR_33.9	26	QVVIDGETCLLDILDTAGQEEYSAMR_33.9
TGEGFLCVFAINNTK_72	15	TGEGFLCVFAINNTK_72
SALTIQLIQNHFVDEYDPTIEDSYRK_44	26	SALTIQLIQNHFVDEYDPTIEDSYRK_44
TGEGFLCVFAINNTK_27	15	TGEGFLCVFAINNTK_27
TGEGFLCVFAINNTK_28.5	15	TGEGFLCVFAINNTK_28.5
TGEGFLCVFAINNTK_-17	15	TGEGFLCVFAINNTK_-17
TGEGFLCVFAINNTK_17	15	TGEGFLCVFAINNTK_17
TGEGFLCVFAINNTK_58	15	TGEGFLCVFAINNTK_58
TGEGFLCVFAINNTKSFEDIHQYR_153	24	TGEGFLCVFAINNTKSFEDIHQYR_153
TGEGFLCVFAINNTK_200	15	TGEGFLCVFAINNTK_200
QVVIDGETCLLDILDTAGQEEYSAMR_17	26	QVVIDGETCLLDILDTAGQEEYSAMR_17
TGEGFLCVFAINNTK_168	15	TGEGFLCVFAINNTK_168
QGVEDAFYTLVR_1.1	12	QGVEDAFYTLVR_1.1
SALTIQLIQNHFVDEYDPTIEDSYR_377.2	25	SALTIQLIQNHFVDEYDPTIEDSYR_377.2
QVVIDGETCLLDILDTAGQEEYSAMR_-12	26	QVVIDGETCLLDILDTAGQEEYSAMR_-12
TGEGFLCVFAINNTK_38.9	15	TGEGFLCVFAINNTK_38.9
QGVEDAFYTLVR_125.9	12	QGVEDAFYTLVR_125.9
TGEGFLCVFAINNTK_-18	15	TGEGFLCVFAINNTK_-18
QVVIDGETCLLDILDTAGQEEYSAMR_114.1	26	QVVIDGETCLLDILDTAGQEEYSAMR_114.1
TGEGFLCVFAINNTK_34	15	TGEGFLCVFAINNTK_34
TGEGFLCVFAINNTKSFEDIHQYR_45	24	TGEGFLCVFAINNTKSFEDIHQYR_45
SALTIQLIQNHFVDEYDPTIEDSYR_2	25	SALTIQLIQNHFVDEYDPTIEDSYR_2
KQVVIDGETCLLDILDTAGQEEYSAMR_42	27	KQVVIDGETCLLDILDTAGQEEYSAMR_42
QVVIDGETCLLDILDTAGQEEYSAMR_36	26	QVVIDGETCLLDILDTAGQEEYSAMR_36
TGEGFLCVFAINNTK_-16	15	TGEGFLCVFAINNTK_-16
SALTIQLIQNHFVDEYDPTIEDSYR_44	25	SALTIQLIQNHFVDEYDPTIEDSYR_44
QGVEDAFYTLVR_40	12	QGVEDAFYTLVR_40
KQVVIDGETCLLDILDTAGQEEYSAMRDQYMR_53.9	32	KQVVIDGETCLLDILDTAGQEEYSAMRDQYMR_53.9
KQVVIDGETCLLDILDTAGQEEYSAMRDQYMR_52.9	32	KQVVIDGETCLLDILDTAGQEEYSAMRDQYMR_52.9
SALTIQLIQNHFVDEYDPTIEDSYRK_55	26	SALTIQLIQNHFVDEYDPTIEDSYRK_55
KQVVIDGETCLLDILDTAGQEEYSAMR_18	27	KQVVIDGETCLLDILDTAGQEEYSAMR_18
KQVVIDGETCLLDILDTAGQEEYSAMR_168	27	KQVVIDGETCLLDILDTAGQEEYSAMR_168
KQVVIDGETCLLDILDTAGQEEYSAMR_72	27	KQVVIDGETCLLDILDTAGQEEYSAMR_72
KQVVIDGETCLLDILDTAGQEEYSAMR_37.9	27	KQVVIDGETCLLDILDTAGQEEYSAMR_37.9
KQVVIDGETCLLDILDTAGQEEYSAMR_311.2	27	KQVVIDGETCLLDILDTAGQEEYSAMR_311.2
KQVVIDGETCLLDILDTAGQEEYSAMR_27.1	27	KQVVIDGETCLLDILDTAGQEEYSAMR_27.1
KQVVIDGETCLLDILDTAGQEEYSAMR_39	27	KQVVIDGETCLLDILDTAGQEEYSAMR_39
KQVVIDGETCLLDILDTAGQEEYSAMR_154	27	KQVVIDGETCLLDILDTAGQEEYSAMR_154
QVVIDGETCLLDILDTAGQEEYSAMR_129.1	26	QVVIDGETCLLDILDTAGQEEYSAMR_129.1
QVVIDGETCLLDILDTAGQEEYSAMR_-13	26	QVVIDGETCLLDILDTAGQEEYSAMR_-13
KQVVIDGETCLLDILDTAGQEEYSAMR_47	27	KQVVIDGETCLLDILDTAGQEEYSAMR_47
TGEGFLCVFAINNTK_12.9	15	TGEGFLCVFAINNTK_12.9
QVVIDGETCLLDILDTAGQEEYSAMR_16.9	26	QVVIDGETCLLDILDTAGQEEYSAMR_16.9
TGEGFLCVFAINNTK_28.9	15	TGEGFLCVFAINNTK_28.9
TGEGFLCVFAINNTK_71	15	TGEGFLCVFAINNTK_71
QVVIDGETCLLDILDTAGQEEYSAMR_153	26	QVVIDGETCLLDILDTAGQEEYSAMR_153
TGEGFLCVFAINNTK_54	15	TGEGFLCVFAINNTK_54
KQVVIDGETCLLDILDTAGQEEYSAMR_73	27	KQVVIDGETCLLDILDTAGQEEYSAMR_73
QVVIDGETCLLDILDTAGQEEYSAMR_38.9	26	QVVIDGETCLLDILDTAGQEEYSAMR_38.9
TGEGFLCVFAINNTK_116.1	15	TGEGFLCVFAINNTK_116.1
QGVEDAFYTLVR_2.1	12	QGVEDAFYTLVR_2.1
QAQDLAR_0	7	QAQDLAR_0
QAQDLAR_-0.3	7	QAQDLAR_-0.3
KLNPPDESGPGCMSCK_-6.1	16	KLNPPDESGPGCMSCK_-6.1
LNPPDESGPGCMSCK_-14	15	LNPPDESGPGCMSCK_-14
LNPPDESGPGCMSCK_-9	15	LNPPDESGPGCMSCK_-9
KLNPPDESGPGCMSCK_51.9	16	KLNPPDESGPGCMSCK_51.9
KLNPPDESGPGCMSCK_320	16	KLNPPDESGPGCMSCK_320
KLNPPDESGPGCMSCK_226	16	KLNPPDESGPGCMSCK_226
SFEDIHQYR_30	9	SFEDIHQYR_30
SFEDIHQYR_32	9	SFEDIHQYR_32
SFEDIHQYR_33	9	SFEDIHQYR_33
SFEDIHQYR_37.9	9	SFEDIHQYR_37.9
SFEDIHQYR_446.3	9	SFEDIHQYR_446.3
SFEDIHQYR_213	9	SFEDIHQYR_213
SFEDIHQYR_297.1	9	SFEDIHQYR_297.1
SFEDIHQYR_72	9	SFEDIHQYR_72
SFEDIHQYR_1	9	SFEDIHQYR_1
VKDSDDVPMVLVGNK_52.9	15	VKDSDDVPMVLVGNK_52.9
VKDSDDVPMVLVGNK_37.9	15	VKDSDDVPMVLVGNK_37.9
VKDSDDVPMVLVGNK_99.9	15	VKDSDDVPMVLVGNK_99.9
VKDSDDVPMVLVGNK_446.3	15	VKDSDDVPMVLVGNK_446.3
VKDSDDVPMVLVGNK_14	15	VKDSDDVPMVLVGNK_14
VKDSDDVPMVLVGNK_214	15	VKDSDDVPMVLVGNK_214
VKDSDDVPMVLVGNK_-32	15	VKDSDDVPMVLVGNK_-32
VKDSDDVPMVLVGNK_-15	15	VKDSDDVPMVLVGNK_-15
VKDSDDVPMVLVGNK_-47	15	VKDSDDVPMVLVGNK_-47
VKDSDDVPMVLVGNK_416.3	15	VKDSDDVPMVLVGNK_416.3
VKDSDDVPMVLVGNK_-16	15	VKDSDDVPMVLVGNK_-16
VKDSDDVPMVLVGNKCDLAAR_38	21	VKDSDDVPMVLVGNKCDLAAR_38
VKDSDDVPMVLVGNKCDLAAR_37.9	21	VKDSDDVPMVLVGNKCDLAAR_37.9
VKDSDDVPMVLVGNKCDLAAR_200	21	VKDSDDVPMVLVGNKCDLAAR_200
DSDDVPMVLVGNK_248.1	13	DSDDVPMVLVGNK_248.1
VKDSDDVPMVLVGNKCDLAAR_43.9	21	VKDSDDVPMVLVGNKCDLAAR_43.9
VKDSDDVPMVLVGNKCDLAAR_12.9	21	VKDSDDVPMVLVGNKCDLAAR_12.9
VKDSDDVPMVLVGNKCDLAAR_-59	21	VKDSDDVPMVLVGNKCDLAAR_-59
DSDDVPMVLVGNKCDLAAR_52.9	19	DSDDVPMVLVGNKCDLAAR_52.9
DSDDVPMVLVGNKCDLAAR_22	19	DSDDVPMVLVGNKCDLAAR_22
VKDSDDVPMVLVGNKCDLAAR_6.9	21	VKDSDDVPMVLVGNKCDLAAR_6.9
VKDSDDVPMVLVGNK_0.9	15	VKDSDDVPMVLVGNK_0.9
SYGIPYIETSAK_32	12	SYGIPYIETSAK_32
VKDSDDVPMVLVGNKCDLAAR_42	21	VKDSDDVPMVLVGNKCDLAAR_42
SYGIPYIETSAK_72	12	SYGIPYIETSAK_72
VKDSDDVPMVLVGNK_197	15	VKDSDDVPMVLVGNK_197
DSDDVPMVLVGNK_44	13	DSDDVPMVLVGNK_44
SYGIPYIETSAK_315.1	12	SYGIPYIETSAK_315.1
SYGIPYIETSAK_446.3	12	SYGIPYIETSAK_446.3
VKDSDDVPMVLVGNK_325	15	VKDSDDVPMVLVGNK_325
TRQGVEDAFYTLVR_72	14	TRQGVEDAFYTLVR_72
TRQGVEDAFYTLVR_-18	14	TRQGVEDAFYTLVR_-18
TRQGVEDAFYTLVR_12	14	TRQGVEDAFYTLVR_12
TGEGFLCVFAINNTK_156.1	15	TGEGFLCVFAINNTK_156.1
DSDDVPMVLVGNK_325.2	13	DSDDVPMVLVGNK_325.2
TRQGVEDAFYTLVR_197	14	TRQGVEDAFYTLVR_197
KQVVIDGETCLLDILDTAGQEEYSAMR_34	27	KQVVIDGETCLLDILDTAGQEEYSAMR_34
SALTIQLIQNHFVDEYDPTIEDSYRK_132	26	SALTIQLIQNHFVDEYDPTIEDSYRK_132
SALTIQLIQNHFVDEYDPTIEDSYR_131.1	25	SALTIQLIQNHFVDEYDPTIEDSYR_131.1
TRQGVEDAFYTLVR_0.1	14	TRQGVEDAFYTLVR_0.1
TGEGFLCVFAINNTK_184	15	TGEGFLCVFAINNTK_184
SALTIQLIQNHFVDEYDPTIEDSYRK_-1	26	SALTIQLIQNHFVDEYDPTIEDSYRK_-1
KQVVIDGETCLLDILDTAGQEEYSAMR_4	27	KQVVIDGETCLLDILDTAGQEEYSAMR_4
TGEGFLCVFAINNTK_105	15	TGEGFLCVFAINNTK_105
QGVEDAFYTLVR_218	12	QGVEDAFYTLVR_218
TGEGFLCVFAINNTKSFEDIHQYR_155	24	TGEGFLCVFAINNTKSFEDIHQYR_155
QGVEDAFYTLVR_155.9	12	QGVEDAFYTLVR_155.9
SALTIQLIQNHFVDEYDPTIEDSYR_6	25	SALTIQLIQNHFVDEYDPTIEDSYR_6
TGEGFLCVFAINNTK_32	15	TGEGFLCVFAINNTK_32
TGEGFLCVFAINNTK_-73	15	TGEGFLCVFAINNTK_-73
TGEGFLCVFAINNTKSFEDIHQYR_7	24	TGEGFLCVFAINNTKSFEDIHQYR_7
TGEGFLCVFAINNTK_139	15	TGEGFLCVFAINNTK_139
KQVVIDGETCLLDILDTAGQEEYSAMR_68.9	27	KQVVIDGETCLLDILDTAGQEEYSAMR_68.9
TGEGFLCVFAINNTKSFEDIHQYR_44	24	TGEGFLCVFAINNTKSFEDIHQYR_44
TGEGFLCVFAINNTK_218	15	TGEGFLCVFAINNTK_218
SALTIQLIQNHFVDEYDPTIEDSYRK_26	26	SALTIQLIQNHFVDEYDPTIEDSYRK_26
TGEGFLCVFAINNTK_102	15	TGEGFLCVFAINNTK_102
QGVEDAFYTLVR_-1	12	QGVEDAFYTLVR_-1
KQVVIDGETCLLDILDTAGQEEYSAMR_68	27	KQVVIDGETCLLDILDTAGQEEYSAMR_68
KQVVIDGETCLLDILDTAGQEEYSAMR_24	27	KQVVIDGETCLLDILDTAGQEEYSAMR_24
KQVVIDGETCLLDILDTAGQEEYSAMR_53.9	27	KQVVIDGETCLLDILDTAGQEEYSAMR_53.9
KQVVIDGETCLLDILDTAGQEEYSAMRDQYMR_152	32	KQVVIDGETCLLDILDTAGQEEYSAMRDQYMR_152
KQVVIDGETCLLDILDTAGQEEYSAMRDQYMR_-7	32	KQVVIDGETCLLDILDTAGQEEYSAMRDQYMR_-7
KQVVIDGETCLLDILDTAGQEEYSAMR_-9	27	KQVVIDGETCLLDILDTAGQEEYSAMR_-9
QVVIDGETCLLDILDTAGQEEYSAMR_-18	26	QVVIDGETCLLDILDTAGQEEYSAMR_-18
QVVIDGETCLLDILDTAGQEEYSAMRDQYMR_28	31	QVVIDGETCLLDILDTAGQEEYSAMRDQYMR_28
VEDAFYTLVR_273.1	10	VEDAFYTLVR_273.1
SALTIQLIQNHFVDEYDPTIEDSYR_43	25	SALTIQLIQNHFVDEYDPTIEDSYR_43
QVVIDGETCLLDILDTAGQEEYSAMR_56.9	26	QVVIDGETCLLDILDTAGQEEYSAMR_56.9
QVVIDGETCLLDILDTAGQEEYSAMR_155	26	QVVIDGETCLLDILDTAGQEEYSAMR_155
VEDAFYTLVR_213.1	10	VEDAFYTLVR_213.1
QVVIDGETCLLDILDTAGQEEYSAMRDQYMR_-16	31	QVVIDGETCLLDILDTAGQEEYSAMRDQYMR_-16
TGEGFLCVFAINNTK_6.9	15	TGEGFLCVFAINNTK_6.9
TGEGFLCVFAINNTK_110	15	TGEGFLCVFAINNTK_110
TGEGFLCVFAINNTK_40	15	TGEGFLCVFAINNTK_40
TGEGFLCVFAINNTK_325	15	TGEGFLCVFAINNTK_325
QGVEDAFYTLVR_204.2	12	QGVEDAFYTLVR_204.2
TGEGFLCVFAINNTK_45	15	TGEGFLCVFAINNTK_45
QGVEDAFYTLVR_2	12	QGVEDAFYTLVR_2
KLNPPDESGPGCMSCK_7	16	KLNPPDESGPGCMSCK_7
KLNPPDESGPGCMSCK_213	16	KLNPPDESGPGCMSCK_213
LNPPDESGPGCMSCK_156.1	15	LNPPDESGPGCMSCK_156.1
KLNPPDESGPGCMSCK_29	16	KLNPPDESGPGCMSCK_29
KLNPPDESGPGCMSCK_227	16	KLNPPDESGPGCMSCK_227
SFEDIHQYR_22	9	SFEDIHQYR_22
KLNPPDESGPGCMSCK_42	16	KLNPPDESGPGCMSCK_42
SFEDIHQYREQIK_0	13	SFEDIHQYREQIK_0
SYGIPYIETSAK_-12	12	SYGIPYIETSAK_-12
VKDSDDVPMVLVGNK_2	15	VKDSDDVPMVLVGNK_2
VKDSDDVPMVLVGNKCDLAAR_99.9	21	VKDSDDVPMVLVGNKCDLAAR_99.9
VKDSDDVPMVLVGNKCDLAAR_446.3	21	VKDSDDVPMVLVGNKCDLAAR_446.3
VKDSDDVPMVLVGNKCDLAAR_61.9	21	VKDSDDVPMVLVGNKCDLAAR_61.9
VKDSDDVPMVLVGNKCDLAAR_-15	21	VKDSDDVPMVLVGNKCDLAAR_-15
VKDSDDVPMVLVGNKCDLAAR_41	21	VKDSDDVPMVLVGNKCDLAAR_41
SFEDIHQYR_125.9	9	SFEDIHQYR_125.9
VKDSDDVPMVLVGNKCDLAAR_158.1	21	VKDSDDVPMVLVGNKCDLAAR_158.1
VKDSDDVPMVLVGNKCDLAAR_315.1	21	VKDSDDVPMVLVGNKCDLAAR_315.1
VKDSDDVPMVLVGNKCDLAAR_169	21	VKDSDDVPMVLVGNKCDLAAR_169
VKDSDDVPMVLVGNKCDLAAR_95.9	21	VKDSDDVPMVLVGNKCDLAAR_95.9
VKDSDDVPMVLVGNKCDLAAR_-18	21	VKDSDDVPMVLVGNKCDLAAR_-18
VKDSDDVPMVLVGNKCDLAAR_79.9	21	VKDSDDVPMVLVGNKCDLAAR_79.9
VKDSDDVPMVLVGNKCDLAAR_44	21	VKDSDDVPMVLVGNKCDLAAR_44
VKDSDDVPMVLVGNK_72	15	VKDSDDVPMVLVGNK_72
TGEGFLCVFAINNTK_44.9	15	TGEGFLCVFAINNTK_44.9
SYGIPYIETSAK_88	12	SYGIPYIETSAK_88
TGEGFLCVFAINNTKSFEDIHQYR_-11	24	TGEGFLCVFAINNTKSFEDIHQYR_-11
SALTIQLIQNHFVDEYDPTIEDSYR_-16	25	SALTIQLIQNHFVDEYDPTIEDSYR_-16
TRQGVEDAFYTLVR_444.9	14	TRQGVEDAFYTLVR_444.9
TGEGFLCVFAINNTK_21	15	TGEGFLCVFAINNTK_21
KQVVIDGETCLLDILDTAGQEEYSAMR_153	27	KQVVIDGETCLLDILDTAGQEEYSAMR_153
QVVIDGETCLLDILDTAGQEEYSAMRDQYMR_3	31	QVVIDGETCLLDILDTAGQEEYSAMRDQYMR_3
TGEGFLCVFAINNTK_59	15	TGEGFLCVFAINNTK_59
TGEGFLCVFAINNTK_130	15	TGEGFLCVFAINNTK_130
QGVEDAFYTLVR_-85.1	12	QGVEDAFYTLVR_-85.1
TRQGVEDAFYTLVR_324	14	TRQGVEDAFYTLVR_324
TGEGFLCVFAINNTK_324	15	TGEGFLCVFAINNTK_324
LVVVGAGGVGK_58.1	11	LVVVGAGGVGK_58.1
