QAQDLAR_0	7	QAQDLAR_0
TVDTKQAQDLAR_0	12	TVDTKQAQDLAR_0
SFEDIHHYR_0	9	SFEDIHHYR_0
SFEDIHHYR_37.9	9	SFEDIHHYR_37.9
SFEDIHHYR_3	9	SFEDIHHYR_3
SFEDIHHYR_-87	9	SFEDIHHYR_-87
SFEDIHHYR_24	9	SFEDIHHYR_24
SFEDIHHYREQIKR_0	14	SFEDIHHYREQIKR_0
SFEDIHHYREQIK_0	13	SFEDIHHYREQIK_0
LVVVGAGGVGK_0	11	LVVVGAGGVGK_0
LVVVGAGGVGK_103	11	LVVVGAGGVGK_103
LVVVGAGGVGK_46	11	LVVVGAGGVGK_46
LVVVGAGGVGK_351.1	11	LVVVGAGGVGK_351.1
VKDSEDVPMVLVGNK_0	15	VKDSEDVPMVLVGNK_0
VKDSEDVPMVLVGNK_38	15	VKDSEDVPMVLVGNK_38
VKDSEDVPMVLVGNK_1	15	VKDSEDVPMVLVGNK_1
LVVVGAGGVGK_182	11	LVVVGAGGVGK_182
LVVVGAGGVGK_228	11	LVVVGAGGVGK_228
RVKDSEDVPMVLVGNK_0	16	RVKDSEDVPMVLVGNK_0
VKDSEDVPMVLVGNKCDLPSR_0	21	VKDSEDVPMVLVGNKCDLPSR_0
LVVVGAGGVGK_78	11	LVVVGAGGVGK_78
LVVVGAGGVGK_115.9	11	LVVVGAGGVGK_115.9
LVVVGAGGVGK_241	11	LVVVGAGGVGK_241
LVVVGAGGVGK_116	11	LVVVGAGGVGK_116
LVVVGAGGVGK_94	11	LVVVGAGGVGK_94
LVVVGAGGVGK_131.9	11	LVVVGAGGVGK_131.9
MTEYKLVVVGAGGVGK_61	16	MTEYKLVVVGAGGVGK_61
MTEYKLVVVGAGGVGK_103	16	MTEYKLVVVGAGGVGK_103
VKDSEDVPMVLVGNK_37.9	15	VKDSEDVPMVLVGNK_37.9
VKDSEDVPMVLVGNK_21.9	15	VKDSEDVPMVLVGNK_21.9
VKDSEDVPMVLVGNK_22	15	VKDSEDVPMVLVGNK_22
VKDSEDVPMVLVGNK_23	15	VKDSEDVPMVLVGNK_23
VKDSEDVPMVLVGNK_53.9	15	VKDSEDVPMVLVGNK_53.9
VKDSEDVPMVLVGNK_24	15	VKDSEDVPMVLVGNK_24
VKDSEDVPMVLVGNK_-17	15	VKDSEDVPMVLVGNK_-17
DSEDVPMVLVGNKCDLPSRTVDTK_227.2	24	DSEDVPMVLVGNKCDLPSRTVDTK_227.2
VKDSEDVPMVLVGNKCDLPSR_-25	21	VKDSEDVPMVLVGNKCDLPSR_-25
LVVVGAGGVGK_164	11	LVVVGAGGVGK_164
VKDSEDVPMVLVGNKCDLPSR_-9	21	VKDSEDVPMVLVGNKCDLPSR_-9
LVVVGAGGVGK_196	11	LVVVGAGGVGK_196
DSEDVPMVLVGNK_0	13	DSEDVPMVLVGNK_0
VKDSEDVPMVLVGNK_2	15	VKDSEDVPMVLVGNK_2
SFEDIHHYR_1	9	SFEDIHHYR_1
VKDSEDVPMVLVGNKCDLPSR_3	21	VKDSEDVPMVLVGNKCDLPSR_3
VKDSEDVPMVLVGNKCDLPSR_37.9	21	VKDSEDVPMVLVGNKCDLPSR_37.9
VKDSEDVPMVLVGNKCDLPSR_23	21	VKDSEDVPMVLVGNKCDLPSR_23
VKDSEDVPMVLVGNK_0.9	15	VKDSEDVPMVLVGNK_0.9
MTEYKLVVVGAGGVGK_87	16	MTEYKLVVVGAGGVGK_87
LVVVGAGGVGK_212	11	LVVVGAGGVGK_212
VKDSEDVPMVLVGNK_1.9	15	VKDSEDVPMVLVGNK_1.9
LVVVGAGGVGK_180	11	LVVVGAGGVGK_180
YDPTIEDSYR_490.2	10	YDPTIEDSYR_490.2
VKDSEDVPMVLVGNKCDLPSR_93	21	VKDSEDVPMVLVGNKCDLPSR_93
VKDSEDVPMVLVGNKCDLPSR_92.9	21	VKDSEDVPMVLVGNKCDLPSR_92.9
DSEDVPMVLVGNKCDLPSR_0	19	DSEDVPMVLVGNKCDLPSR_0
DSEDVPMVLVGNK_6	13	DSEDVPMVLVGNK_6
DSEDVPMVLVGNK_37.9	13	DSEDVPMVLVGNK_37.9
TRQGVDDAFYTLVR_0	14	TRQGVDDAFYTLVR_0
TRQGVDDAFYTLVR_1	14	TRQGVDDAFYTLVR_1
TRQGVDDAFYTLVR_37.9	14	TRQGVDDAFYTLVR_37.9
TRQGVDDAFYTLVR_22	14	TRQGVDDAFYTLVR_22
TRQGVDDAFYTLVR_24	14	TRQGVDDAFYTLVR_24
TRQGVDDAFYTLVR_53.9	14	TRQGVDDAFYTLVR_53.9
VKDSEDVPMVLVGNK_43	15	VKDSEDVPMVLVGNK_43
SFEDIHHYR_0.1	9	SFEDIHHYR_0.1
SYGIPFIETSAK_0	12	SYGIPFIETSAK_0
SYGIPFIETSAK_2	12	SYGIPFIETSAK_2
SYGIPFIETSAK_3	12	SYGIPFIETSAK_3
SYGIPFIETSAK_22	12	SYGIPFIETSAK_22
SYGIPFIETSAK_-2	12	SYGIPFIETSAK_-2
SYGIPFIETSAK_-4	12	SYGIPFIETSAK_-4
QGVDDAFYTLVR_0	12	QGVDDAFYTLVR_0
QGVDDAFYTLVR_37.9	12	QGVDDAFYTLVR_37.9
QGVDDAFYTLVR_22	12	QGVDDAFYTLVR_22
QGVDDAFYTLVR_24	12	QGVDDAFYTLVR_24
QGVDDAFYTLVR_-17	12	QGVDDAFYTLVR_-17
QGVDDAFYTLVR_53.9	12	QGVDDAFYTLVR_53.9
SALTIQLIQNHFVDEYDPTIEDSYRK_1	26	SALTIQLIQNHFVDEYDPTIEDSYRK_1
QGVDDAFYTLVR_1	12	QGVDDAFYTLVR_1
SALTIQLIQNHFVDEYDPTIEDSYRK_0	26	SALTIQLIQNHFVDEYDPTIEDSYRK_0
SALTIQLIQNHFVDEYDPTIEDSYRK_37.9	26	SALTIQLIQNHFVDEYDPTIEDSYRK_37.9
SALTIQLIQNHFVDEYDPTIEDSYRK_3	26	SALTIQLIQNHFVDEYDPTIEDSYRK_3
SALTIQLIQNHFVDEYDPTIEDSYRK_38	26	SALTIQLIQNHFVDEYDPTIEDSYRK_38
SALTIQLIQNHFVDEYDPTIEDSYRK_22	26	SALTIQLIQNHFVDEYDPTIEDSYRK_22
SALTIQLIQNHFVDEYDPTIEDSYRK_23	26	SALTIQLIQNHFVDEYDPTIEDSYRK_23
SALTIQLIQNHFVDEYDPTIEDSYRK_75.9	26	SALTIQLIQNHFVDEYDPTIEDSYRK_75.9
SALTIQLIQNHFVDEYDPTIEDSYRK_4	26	SALTIQLIQNHFVDEYDPTIEDSYRK_4
SALTIQLIQNHFVDEYDPTIEDSYR_128.1	25	SALTIQLIQNHFVDEYDPTIEDSYR_128.1
SALTIQLIQNHFVDEYDPTIEDSYRK_24	26	SALTIQLIQNHFVDEYDPTIEDSYRK_24
SALTIQLIQNHFVDEYDPTIEDSYRK_-1	26	SALTIQLIQNHFVDEYDPTIEDSYRK_-1
TGEGFLCVFAINNTK_16	15	TGEGFLCVFAINNTK_16
TGEGFLCVFAINNTK_15	15	TGEGFLCVFAINNTK_15
TGEGFLCVFAINNTK_0	15	TGEGFLCVFAINNTK_0
TGEGFLCVFAINNTK_38	15	TGEGFLCVFAINNTK_38
TGEGFLCVFAINNTK_37.9	15	TGEGFLCVFAINNTK_37.9
TGEGFLCVFAINNTK_53.9	15	TGEGFLCVFAINNTK_53.9
TGEGFLCVFAINNTK_248	15	TGEGFLCVFAINNTK_248
SALTIQLIQNHFVDEYDPTIEDSYR_0	25	SALTIQLIQNHFVDEYDPTIEDSYR_0
TGEGFLCVFAINNTK_125	15	TGEGFLCVFAINNTK_125
SALTIQLIQNHFVDEYDPTIEDSYR_38	25	SALTIQLIQNHFVDEYDPTIEDSYR_38
SALTIQLIQNHFVDEYDPTIEDSYR_37.9	25	SALTIQLIQNHFVDEYDPTIEDSYR_37.9
SALTIQLIQNHFVDEYDPTIEDSYR_22	25	SALTIQLIQNHFVDEYDPTIEDSYR_22
SALTIQLIQNHFVDEYDPTIEDSYR_23	25	SALTIQLIQNHFVDEYDPTIEDSYR_23
SALTIQLIQNHFVDEYDPTIEDSYR_75.9	25	SALTIQLIQNHFVDEYDPTIEDSYR_75.9
SALTIQLIQNHFVDEYDPTIEDSYR_53.9	25	SALTIQLIQNHFVDEYDPTIEDSYR_53.9
SALTIQLIQNHFVDEYDPTIEDSYR_24	25	SALTIQLIQNHFVDEYDPTIEDSYR_24
TGEGFLCVFAINNTK_79	15	TGEGFLCVFAINNTK_79
SALTIQLIQNHFVDEYDPTIEDSYR_1	25	SALTIQLIQNHFVDEYDPTIEDSYR_1
TGEGFLCVFAINNTK_109	15	TGEGFLCVFAINNTK_109
TGEGFLCVFAINNTK_184	15	TGEGFLCVFAINNTK_184
TGEGFLCVFAINNTK_25	15	TGEGFLCVFAINNTK_25
TGEGFLCVFAINNTK_108.9	15	TGEGFLCVFAINNTK_108.9
TGEGFLCVFAINNTK_-14	15	TGEGFLCVFAINNTK_-14
TGEGFLCVFAINNTK_1	15	TGEGFLCVFAINNTK_1
TGEGFLCVFAINNTK_167	15	TGEGFLCVFAINNTK_167
TGEGFLCVFAINNTK_93	15	TGEGFLCVFAINNTK_93
TGEGFLCVFAINNTK_177	15	TGEGFLCVFAINNTK_177
TGEGFLCVFAINNTK_-57	15	TGEGFLCVFAINNTK_-57
TGEGFLCVFAINNTK_138	15	TGEGFLCVFAINNTK_138
TGEGFLCVFAINNTK_140	15	TGEGFLCVFAINNTK_140
TGEGFLCVFAINNTK_160	15	TGEGFLCVFAINNTK_160
QGVDDAFYTLVR_43	12	QGVDDAFYTLVR_43
QGVDDAFYTLVR_5	12	QGVDDAFYTLVR_5
TGEGFLCVFAINNTK_290	15	TGEGFLCVFAINNTK_290
TGEGFLCVFAINNTK_96	15	TGEGFLCVFAINNTK_96
TGEGFLCVFAINNTK_61	15	TGEGFLCVFAINNTK_61
TGEGFLCVFAINNTK_-2	15	TGEGFLCVFAINNTK_-2
TGEGFLCVFAINNTK_90.1	15	TGEGFLCVFAINNTK_90.1
TGEGFLCVFAINNTK_165	15	TGEGFLCVFAINNTK_165
SALTIQLIQNHFVDEYDPTIEDSYR_-7.1	25	SALTIQLIQNHFVDEYDPTIEDSYR_-7.1
KQVVIDGETCLLDILDTAGQEEYSAMRDQYMR_-1	32	KQVVIDGETCLLDILDTAGQEEYSAMRDQYMR_-1
TGEGFLCVFAINNTK_45	15	TGEGFLCVFAINNTK_45
TGEGFLCVFAINNTK_77	15	TGEGFLCVFAINNTK_77
TGEGFLCVFAINNTK_80	15	TGEGFLCVFAINNTK_80
KQVVIDGETCLLDILDTAGQEEYSAMR_0	27	KQVVIDGETCLLDILDTAGQEEYSAMR_0
KQVVIDGETCLLDILDTAGQEEYSAMR_1	27	KQVVIDGETCLLDILDTAGQEEYSAMR_1
KQVVIDGETCLLDILDTAGQEEYSAMR_-1	27	KQVVIDGETCLLDILDTAGQEEYSAMR_-1
KQVVIDGETCLLDILDTAGQEEYSAMRDQYMR_0	32	KQVVIDGETCLLDILDTAGQEEYSAMRDQYMR_0
TGEGFLCVFAINNTK_180	15	TGEGFLCVFAINNTK_180
TGEGFLCVFAINNTK_179	15	TGEGFLCVFAINNTK_179
TGEGFLCVFAINNTK_229	15	TGEGFLCVFAINNTK_229
TGEGFLCVFAINNTK_-9	15	TGEGFLCVFAINNTK_-9
TGEGFLCVFAINNTK_12.9	15	TGEGFLCVFAINNTK_12.9
TGEGFLCVFAINNTK_28.9	15	TGEGFLCVFAINNTK_28.9
TGEGFLCVFAINNTK_228.9	15	TGEGFLCVFAINNTK_228.9
TGEGFLCVFAINNTK_14.9	15	TGEGFLCVFAINNTK_14.9
TGEGFLCVFAINNTK_13.9	15	TGEGFLCVFAINNTK_13.9
TGEGFLCVFAINNTK_-25	15	TGEGFLCVFAINNTK_-25
TGEGFLCVFAINNTK_-3.1	15	TGEGFLCVFAINNTK_-3.1
QVVIDGETCLLDILDTAGQEEYSAMRDQYMR_0	31	QVVIDGETCLLDILDTAGQEEYSAMRDQYMR_0
KQVVIDGETCLLDILDTAGQEEYSAMR_2	27	KQVVIDGETCLLDILDTAGQEEYSAMR_2
KQVVIDGETCLLDILDTAGQEEYSAMR_37.9	27	KQVVIDGETCLLDILDTAGQEEYSAMR_37.9
KQVVIDGETCLLDILDTAGQEEYSAMR_38	27	KQVVIDGETCLLDILDTAGQEEYSAMR_38
QVVIDGETCLLDILDTAGQEEYSAMRDQYMR_-1	31	QVVIDGETCLLDILDTAGQEEYSAMRDQYMR_-1
KQVVIDGETCLLDILDTAGQEEYSAMR_22	27	KQVVIDGETCLLDILDTAGQEEYSAMR_22
KQVVIDGETCLLDILDTAGQEEYSAMR_23	27	KQVVIDGETCLLDILDTAGQEEYSAMR_23
KQVVIDGETCLLDILDTAGQEEYSAMR_22.9	27	KQVVIDGETCLLDILDTAGQEEYSAMR_22.9
TGEGFLCVFAINNTK_22.9	15	TGEGFLCVFAINNTK_22.9
TGEGFLCVFAINNTK_6.9	15	TGEGFLCVFAINNTK_6.9
QVVIDGETCLLDILDTAGQEEYSAMRDQYMR_1	31	QVVIDGETCLLDILDTAGQEEYSAMRDQYMR_1
QVVIDGETCLLDILDTAGQEEYSAMR_1	26	QVVIDGETCLLDILDTAGQEEYSAMR_1
QVVIDGETCLLDILDTAGQEEYSAMR_0	26	QVVIDGETCLLDILDTAGQEEYSAMR_0
QVVIDGETCLLDILDTAGQEEYSAMR_53.9	26	QVVIDGETCLLDILDTAGQEEYSAMR_53.9
QVVIDGETCLLDILDTAGQEEYSAMR_22	26	QVVIDGETCLLDILDTAGQEEYSAMR_22
QVVIDGETCLLDILDTAGQEEYSAMR_21.9	26	QVVIDGETCLLDILDTAGQEEYSAMR_21.9
QVVIDGETCLLDILDTAGQEEYSAMR_38	26	QVVIDGETCLLDILDTAGQEEYSAMR_38
QVVIDGETCLLDILDTAGQEEYSAMR_37.9	26	QVVIDGETCLLDILDTAGQEEYSAMR_37.9
QVVIDGETCLLDILDTAGQEEYSAMR_4	26	QVVIDGETCLLDILDTAGQEEYSAMR_4
QVVIDGETCLLDILDTAGQEEYSAMRDQYMR_-17	31	QVVIDGETCLLDILDTAGQEEYSAMRDQYMR_-17
QVVIDGETCLLDILDTAGQEEYSAMR_-17	26	QVVIDGETCLLDILDTAGQEEYSAMR_-17
QVVIDGETCLLDILDTAGQEEYSAMR_-16	26	QVVIDGETCLLDILDTAGQEEYSAMR_-16
VKDSEDVPMVLVGNKCDLPSR_1	21	VKDSEDVPMVLVGNKCDLPSR_1
LVVVGAGGVGK_42	11	LVVVGAGGVGK_42
VKDSEDVPMVLVGNKCDLPSR_156.1	21	VKDSEDVPMVLVGNKCDLPSR_156.1
YDPTIEDSYRK_490.2	11	YDPTIEDSYRK_490.2
VKDSEDVPMVLVGNK_0.1	15	VKDSEDVPMVLVGNK_0.1
VKDSEDVPMVLVGNK_-0.2	15	VKDSEDVPMVLVGNK_-0.2
DSEDVPMVLVGNKCDLPSRTVDTK_211.2	24	DSEDVPMVLVGNKCDLPSRTVDTK_211.2
VKDSEDVPMVLVGNKCDLPSR_28.9	21	VKDSEDVPMVLVGNKCDLPSR_28.9
VKDSEDVPMVLVGNKCDLPSR_22	21	VKDSEDVPMVLVGNKCDLPSR_22
VKDSEDVPMVLVGNKCDLPSR_-1	21	VKDSEDVPMVLVGNKCDLPSR_-1
VKDSEDVPMVLVGNKCDLPSR_24	21	VKDSEDVPMVLVGNKCDLPSR_24
VKDSEDVPMVLVGNKCDLPSR_38	21	VKDSEDVPMVLVGNKCDLPSR_38
VKDSEDVPMVLVGNKCDLPSR_248	21	VKDSEDVPMVLVGNKCDLPSR_248
MTEYKLVVVGAGGVGK_45	16	MTEYKLVVVGAGGVGK_45
VKDSEDVPMVLVGNKCDLPSR_95	21	VKDSEDVPMVLVGNKCDLPSR_95
VKDSEDVPMVLVGNKCDLPSR_167	21	VKDSEDVPMVLVGNKCDLPSR_167
VKDSEDVPMVLVGNKCDLPSR_138	21	VKDSEDVPMVLVGNKCDLPSR_138
VKDSEDVPMVLVGNKCDLPSR_12.9	21	VKDSEDVPMVLVGNKCDLPSR_12.9
LVVVGAGGVGK_268	11	LVVVGAGGVGK_268
VKDSEDVPMVLVGNKCDLPSR_-57	21	VKDSEDVPMVLVGNKCDLPSR_-57
DSEDVPMVLVGNK_22	13	DSEDVPMVLVGNK_22
VKDSEDVPMVLVGNKCDLPSR_109	21	VKDSEDVPMVLVGNKCDLPSR_109
TRQGVDDAFYTLVR_2	14	TRQGVDDAFYTLVR_2
TGEGFLCVFAINNTKSFEDIHHYREQIK_156.1	28	TGEGFLCVFAINNTKSFEDIHHYREQIK_156.1
SYGIPFIETSAK_362.2	12	SYGIPFIETSAK_362.2
QGVDDAFYTLVR_-18	12	QGVDDAFYTLVR_-18
TRQGVDDAFYTLVR_424.1	14	TRQGVDDAFYTLVR_424.1
SALTIQLIQNHFVDEYDPTIEDSYRK_53.9	26	SALTIQLIQNHFVDEYDPTIEDSYRK_53.9
SALTIQLIQNHFVDEYDPTIEDSYRK_2	26	SALTIQLIQNHFVDEYDPTIEDSYRK_2
TGEGFLCVFAINNTK_17	15	TGEGFLCVFAINNTK_17
TGEGFLCVFAINNTK_24	15	TGEGFLCVFAINNTK_24
TGEGFLCVFAINNTK_22	15	TGEGFLCVFAINNTK_22
TGEGFLCVFAINNTK_248.1	15	TGEGFLCVFAINNTK_248.1
SALTIQLIQNHFVDEYDPTIEDSYR_61.9	25	SALTIQLIQNHFVDEYDPTIEDSYR_61.9
SALTIQLIQNHFVDEYDPTIEDSYR_-9.1	25	SALTIQLIQNHFVDEYDPTIEDSYR_-9.1
SALTIQLIQNHFVDEYDPTIEDSYR_-9.2	25	SALTIQLIQNHFVDEYDPTIEDSYR_-9.2
SALTIQLIQNHFVDEYDPTIEDSYR_-8.2	25	SALTIQLIQNHFVDEYDPTIEDSYR_-8.2
TGEGFLCVFAINNTK_94	15	TGEGFLCVFAINNTK_94
TGEGFLCVFAINNTK_225	15	TGEGFLCVFAINNTK_225
TGEGFLCVFAINNTK_152	15	TGEGFLCVFAINNTK_152
SALTIQLIQNHFVDEYDPTIEDSYR_2	25	SALTIQLIQNHFVDEYDPTIEDSYR_2
SALTIQLIQNHFVDEYDPTIEDSYRK_43	26	SALTIQLIQNHFVDEYDPTIEDSYRK_43
TGEGFLCVFAINNTK_112	15	TGEGFLCVFAINNTK_112
KQVVIDGETCLLDILDTAGQEEYSAMRDQYMR_1	32	KQVVIDGETCLLDILDTAGQEEYSAMRDQYMR_1
TGEGFLCVFAINNTK_142	15	TGEGFLCVFAINNTK_142
TGEGFLCVFAINNTK_168	15	TGEGFLCVFAINNTK_168
TGEGFLCVFAINNTK_-3	15	TGEGFLCVFAINNTK_-3
KQVVIDGETCLLDILDTAGQEEYSAMR_21.9	27	KQVVIDGETCLLDILDTAGQEEYSAMR_21.9
KQVVIDGETCLLDILDTAGQEEYSAMR_24	27	KQVVIDGETCLLDILDTAGQEEYSAMR_24
QVVIDGETCLLDILDTAGQEEYSAMR_-25	26	QVVIDGETCLLDILDTAGQEEYSAMR_-25
QVVIDGETCLLDILDTAGQEEYSAMRDQYMR_22	31	QVVIDGETCLLDILDTAGQEEYSAMRDQYMR_22
QVVIDGETCLLDILDTAGQEEYSAMR_-1	26	QVVIDGETCLLDILDTAGQEEYSAMR_-1
SFEDIHHYR_22	9	SFEDIHHYR_22
LVVVGAGGVGK_198	11	LVVVGAGGVGK_198
VKDSEDVPMVLVGNK_-1	15	VKDSEDVPMVLVGNK_-1
VKDSEDVPMVLVGNK_6	15	VKDSEDVPMVLVGNK_6
VKDSEDVPMVLVGNKCDLPSR_-9.1	21	VKDSEDVPMVLVGNKCDLPSR_-9.1
DSEDVPMVLVGNK_1	13	DSEDVPMVLVGNK_1
TEYKLVVVGAGGVGK_218.1	15	TEYKLVVVGAGGVGK_218.1
DSEDVPMVLVGNK_38	13	DSEDVPMVLVGNK_38
TGEGFLCVFAINNTK_408.2	15	TGEGFLCVFAINNTK_408.2
SYGIPFIETSAK_-1	12	SYGIPFIETSAK_-1
QGVDDAFYTLVR_3	12	QGVDDAFYTLVR_3
SALTIQLIQNHFVDEYDPTIEDSYR_128	25	SALTIQLIQNHFVDEYDPTIEDSYR_128
SALTIQLIQNHFVDEYDPTIEDSYRK_39	26	SALTIQLIQNHFVDEYDPTIEDSYRK_39
SALTIQLIQNHFVDEYDPTIEDSYR_-76.1	25	SALTIQLIQNHFVDEYDPTIEDSYR_-76.1
TGEGFLCVFAINNTK_6	15	TGEGFLCVFAINNTK_6
SALTIQLIQNHFVDEYDPTIEDSYR_2.9	25	SALTIQLIQNHFVDEYDPTIEDSYR_2.9
QGVDDAFYTLVR_6.9	12	QGVDDAFYTLVR_6.9
QVVIDGETCLLDILDTAGQEEYSAMR_57	26	QVVIDGETCLLDILDTAGQEEYSAMR_57
KQVVIDGETCLLDILDTAGQEEYSAMR_38.9	27	KQVVIDGETCLLDILDTAGQEEYSAMR_38.9
TGEGFLCVFAINNTK_44.9	15	TGEGFLCVFAINNTK_44.9
SFEDIHHYR_-18	9	SFEDIHHYR_-18
LVVVGAGGVGK_-0.1	11	LVVVGAGGVGK_-0.1
VKDSEDVPMVLVGNK_-15.2	15	VKDSEDVPMVLVGNK_-15.2
VKDSEDVPMVLVGNKCDLPSR_6	21	VKDSEDVPMVLVGNKCDLPSR_6
VKDSEDVPMVLVGNKCDLPSR_-8	21	VKDSEDVPMVLVGNKCDLPSR_-8
SALTIQLIQNHFVDEYDPTIEDSYRK_22.9	26	SALTIQLIQNHFVDEYDPTIEDSYRK_22.9
SALTIQLIQNHFVDEYDPTIEDSYRK_59.9	26	SALTIQLIQNHFVDEYDPTIEDSYRK_59.9
SALTIQLIQNHFVDEYDPTIEDSYR_59.9	25	SALTIQLIQNHFVDEYDPTIEDSYR_59.9
TGEGFLCVFAINNTK_0.1	15	TGEGFLCVFAINNTK_0.1
QRVEDAFYTLVR_-108.1	12	QRVEDAFYTLVR_-108.1
QRVEDAFYTLVR_-106.1	12	QRVEDAFYTLVR_-106.1
TGEGFLCVFAINNTK_131	15	TGEGFLCVFAINNTK_131
TGEGFLCVFAINNTK_99	15	TGEGFLCVFAINNTK_99
TGEGFLCVFAINNTK_7	15	TGEGFLCVFAINNTK_7
KQVVIDGETCLLDILDTAGQEEYSAMR_53.9	27	KQVVIDGETCLLDILDTAGQEEYSAMR_53.9
KQVVIDGETCLLDILDTAGQEEYSAMR_39	27	KQVVIDGETCLLDILDTAGQEEYSAMR_39
TGEGFLCVFAINNTK_-0.1	15	TGEGFLCVFAINNTK_-0.1
KQVVIDGETCLLDILDTAGQEEYSAMR_23.9	27	KQVVIDGETCLLDILDTAGQEEYSAMR_23.9
QVVIDGETCLLDILDTAGQEEYSAMR_112.1	26	QVVIDGETCLLDILDTAGQEEYSAMR_112.1
QVVIDGETCLLDILDTAGQEEYSAMR_-16.8	26	QVVIDGETCLLDILDTAGQEEYSAMR_-16.8
QVVIDGETCLLDILDTAGQEEYSAMR_20.9	26	QVVIDGETCLLDILDTAGQEEYSAMR_20.9
SFEDIHHYR_38	9	SFEDIHHYR_38
LVVVGAGGVGK_255	11	LVVVGAGGVGK_255
VKDSEDVPMVLVGNK_-0.1	15	VKDSEDVPMVLVGNK_-0.1
LVVVGAGGVGK_407	11	LVVVGAGGVGK_407
DSEDVPMVLVGNK_21.9	13	DSEDVPMVLVGNK_21.9
TRQGVDDAFYTLVR_38	14	TRQGVDDAFYTLVR_38
TGEGFLCVFAINNTK_-1	15	TGEGFLCVFAINNTK_-1
SALTIQLIQNHFVDEYDPTIEDSYRK_-66.2	26	SALTIQLIQNHFVDEYDPTIEDSYRK_-66.2
SYGIPFIETSAKTRQGVDDAFYTLVR_0	26	SYGIPFIETSAKTRQGVDDAFYTLVR_0
TGEGFLCVFAINNTK_92.9	15	TGEGFLCVFAINNTK_92.9
TGEGFLCVFAINNTK_139	15	TGEGFLCVFAINNTK_139
TGEGFLCVFAINNTK_304	15	TGEGFLCVFAINNTK_304
TGEGFLCVFAINNTK_78	15	TGEGFLCVFAINNTK_78
KQVVIDGETCLLDILDTAGQEEYSAMR_4	27	KQVVIDGETCLLDILDTAGQEEYSAMR_4
TGEGFLCVFAINNTK_-8	15	TGEGFLCVFAINNTK_-8
TGEGFLCVFAINNTK_-2.1	15	TGEGFLCVFAINNTK_-2.1
QVVIDGETCLLDILDTAGQEEYSAMR_15	26	QVVIDGETCLLDILDTAGQEEYSAMR_15
QAQDLAR_1	7	QAQDLAR_1
VKDSEDVPMVLVGNK_-2	15	VKDSEDVPMVLVGNK_-2
DSEDVPMVLVGNKCDLPSR_1	19	DSEDVPMVLVGNKCDLPSR_1
SALTIQLIQNHFVDEYDPTIEDSYRK_60.9	26	SALTIQLIQNHFVDEYDPTIEDSYRK_60.9
SALTIQLIQNHFVDEYDPTIEDSYR_36.9	25	SALTIQLIQNHFVDEYDPTIEDSYR_36.9
SALTIQLIQNHFVDEYDPTIEDSYR_-0.1	25	SALTIQLIQNHFVDEYDPTIEDSYR_-0.1
TGEGFLCVFAINNTK_-4.9	15	TGEGFLCVFAINNTK_-4.9
KQVVIDGETCLLDILDTAGQEEYSAMR_15	27	KQVVIDGETCLLDILDTAGQEEYSAMR_15
KQVVIDGETCLLDILDTAGQEEYSAMR_36.9	27	KQVVIDGETCLLDILDTAGQEEYSAMR_36.9
KQVVIDGETCLLDILDTAGQEEYSAMRDQYMR_2	32	KQVVIDGETCLLDILDTAGQEEYSAMRDQYMR_2
KQVVIDGETCLLDILDTAGQEEYSAMR_204.1	27	KQVVIDGETCLLDILDTAGQEEYSAMR_204.1
QVVIDGETCLLDILDTAGQEEYSAMR_77	26	QVVIDGETCLLDILDTAGQEEYSAMR_77
QVVIDGETCLLDILDTAGQEEYSAMR_-74.1	26	QVVIDGETCLLDILDTAGQEEYSAMR_-74.1
QVVIDGETCLLDILDTAGQEEYSAMR_2	26	QVVIDGETCLLDILDTAGQEEYSAMR_2
SALTIQLIQNHFVDEYDPTIEDSYR_38.9	25	SALTIQLIQNHFVDEYDPTIEDSYR_38.9
CDLPSRTVDTK_0	11	CDLPSRTVDTK_0
SFEDIHHYR_53.9	9	SFEDIHHYR_53.9
SFEDIHHYR_257.1	9	SFEDIHHYR_257.1
LVVVGAGGVGK_128.1	11	LVVVGAGGVGK_128.1
SFEDIHHYREQIKR_2	14	SFEDIHHYREQIKR_2
SFEDIHHYREQIKR_38	14	SFEDIHHYREQIKR_38
SFEDIHHYREQIKR_37.9	14	SFEDIHHYREQIKR_37.9
YDPTIEDSYRK_0	11	YDPTIEDSYRK_0
CDLPSRTVDTKQAQDLAR_0	18	CDLPSRTVDTKQAQDLAR_0
LVVVGAGGVGK_-18	11	LVVVGAGGVGK_-18
LVVVGAGGVGK_340.2	11	LVVVGAGGVGK_340.2
SFEDIHHYR_43	9	SFEDIHHYR_43
VKDSEDVPMVLVGNK_156.1	15	VKDSEDVPMVLVGNK_156.1
VKDSEDVPMVLVGNKCDLPSR_32	21	VKDSEDVPMVLVGNKCDLPSR_32
VKDSEDVPMVLVGNKCDLPSR_53.9	21	VKDSEDVPMVLVGNKCDLPSR_53.9
SFEDIHHYR_183	9	SFEDIHHYR_183
VKDSEDVPMVLVGNK_-35	15	VKDSEDVPMVLVGNK_-35
VKDSEDVPMVLVGNK_-18	15	VKDSEDVPMVLVGNK_-18
VKDSEDVPMVLVGNK_-99.1	15	VKDSEDVPMVLVGNK_-99.1
DSEDVPMVLVGNK_251.1	13	DSEDVPMVLVGNK_251.1
VKDSEDVPMVLVGNK_57	15	VKDSEDVPMVLVGNK_57
VKDSEDVPMVLVGNKCDLPSR_7	21	VKDSEDVPMVLVGNKCDLPSR_7
VKDSEDVPMVLVGNKCDLPSR_21.9	21	VKDSEDVPMVLVGNKCDLPSR_21.9
VKDSEDVPMVLVGNKCDLPSR_8	21	VKDSEDVPMVLVGNKCDLPSR_8
VKDSEDVPMVLVGNKCDLPSR_4	21	VKDSEDVPMVLVGNKCDLPSR_4
VKDSEDVPMVLVGNKCDLPSR_15	21	VKDSEDVPMVLVGNKCDLPSR_15
VKDSEDVPMVLVGNKCDLPSR_52.9	21	VKDSEDVPMVLVGNKCDLPSR_52.9
VKDSEDVPMVLVGNKCDLPSR_284.1	21	VKDSEDVPMVLVGNKCDLPSR_284.1
VKDSEDVPMVLVGNKCDLPSR_79	21	VKDSEDVPMVLVGNKCDLPSR_79
TRQGVDDAFYTLVR_8	14	TRQGVDDAFYTLVR_8
VKDSEDVPMVLVGNKCDLPSR_-14	21	VKDSEDVPMVLVGNKCDLPSR_-14
TEYKLVVVGAGGVGK_219.1	15	TEYKLVVVGAGGVGK_219.1
DSEDVPMVLVGNK_227.2	13	DSEDVPMVLVGNK_227.2
VKDSEDVPMVLVGNKCDLPSR_139	21	VKDSEDVPMVLVGNKCDLPSR_139
VKDSEDVPMVLVGNKCDLPSR_175.9	21	VKDSEDVPMVLVGNKCDLPSR_175.9
VKDSEDVPMVLVGNKCDLPSR_-3.1	21	VKDSEDVPMVLVGNKCDLPSR_-3.1
VKDSEDVPMVLVGNKCDLPSR_-2.1	21	VKDSEDVPMVLVGNKCDLPSR_-2.1
VKDSEDVPMVLVGNKCDLPSR_-3	21	VKDSEDVPMVLVGNKCDLPSR_-3
VKDSEDVPMVLVGNKCDLPSR_-0.1	21	VKDSEDVPMVLVGNKCDLPSR_-0.1
DSEDVPMVLVGNKCDLPSR_-9	19	DSEDVPMVLVGNKCDLPSR_-9
VKDSEDVPMVLVGNKCDLPSR_6.9	21	VKDSEDVPMVLVGNKCDLPSR_6.9
SYGIPFIETSAKTR_0	14	SYGIPFIETSAKTR_0
VKDSEDVPMVLVGNK_-128.1	15	VKDSEDVPMVLVGNK_-128.1
DSEDVPMVLVGNK_24	13	DSEDVPMVLVGNK_24
DSEDVPMVLVGNKCDLPSR_15	19	DSEDVPMVLVGNKCDLPSR_15
TRQGVDDAFYTLVR_-18	14	TRQGVDDAFYTLVR_-18
VKDSEDVPMVLVGNKCDLPSR_111	21	VKDSEDVPMVLVGNKCDLPSR_111
TRQGVDDAFYTLVR_0.1	14	TRQGVDDAFYTLVR_0.1
VKDSEDVPMVLVGNKCDLPSR_108	21	VKDSEDVPMVLVGNKCDLPSR_108
VKDSEDVPMVLVGNKCDLPSR_146.9	21	VKDSEDVPMVLVGNKCDLPSR_146.9
QRVEDAFYTLVR_197	12	QRVEDAFYTLVR_197
VKDSEDVPMVLVGNKCDLPSR_165	21	VKDSEDVPMVLVGNKCDLPSR_165
VKDSEDVPMVLVGNK_45	15	VKDSEDVPMVLVGNK_45
LVVVGAGGVGK_43	11	LVVVGAGGVGK_43
VKDSEDVPMVLVGNKCDLPSR_77	21	VKDSEDVPMVLVGNKCDLPSR_77
VKDSEDVPMVLVGNKCDLPSR_78	21	VKDSEDVPMVLVGNKCDLPSR_78
DSEDVPMVLVGNKCDLPSR_-25	19	DSEDVPMVLVGNKCDLPSR_-25
TGEGFLCVFAINNTK_218.1	15	TGEGFLCVFAINNTK_218.1
DSEDVPMVLVGNKCDLPSR_93	19	DSEDVPMVLVGNKCDLPSR_93
DSEDVPMVLVGNKCDLPSR_92.9	19	DSEDVPMVLVGNKCDLPSR_92.9
TGEGFLCVFAINNTK_408.1	15	TGEGFLCVFAINNTK_408.1
SYGIPFIETSAK_24	12	SYGIPFIETSAK_24
SYGIPFIETSAK_-18	12	SYGIPFIETSAK_-18
DSEDVPMVLVGNKCDLPSR_109	19	DSEDVPMVLVGNKCDLPSR_109
SYGIPFIETSAK_14	12	SYGIPFIETSAK_14
SYGIPFIETSAK_57	12	SYGIPFIETSAK_57
QGVDDAFYTLVR_57	12	QGVDDAFYTLVR_57
QGVDDAFYTLVR_38	12	QGVDDAFYTLVR_38
QGVDDAFYTLVR_4	12	QGVDDAFYTLVR_4
QGVDDAFYTLVR_-36	12	QGVDDAFYTLVR_-36
QGVDDAFYTLVR_-35	12	QGVDDAFYTLVR_-35
QGVDDAFYTLVR_-128.1	12	QGVDDAFYTLVR_-128.1
TGEGFLCVFAINNTK_149	15	TGEGFLCVFAINNTK_149
TGEGFLCVFAINNTKSFEDIHHYR_-1	24	TGEGFLCVFAINNTKSFEDIHHYR_-1
TGEGFLCVFAINNTKSFEDIHHYR_0	24	TGEGFLCVFAINNTKSFEDIHHYR_0
SALTIQLIQNHFVDEYDPTIEDSYRK_38.9	26	SALTIQLIQNHFVDEYDPTIEDSYRK_38.9
TGEGFLCVFAINNTK_301.1	15	TGEGFLCVFAINNTK_301.1
SALTIQLIQNHFVDEYDPTIEDSYRK_-17	26	SALTIQLIQNHFVDEYDPTIEDSYRK_-17
SALTIQLIQNHFVDEYDPTIEDSYRK_20.9	26	SALTIQLIQNHFVDEYDPTIEDSYRK_20.9
TRQGVDDAFYTLVREIR_0	17	TRQGVDDAFYTLVREIR_0
YDPTIEDSYRK_244.1	11	YDPTIEDSYRK_244.1
SALTIQLIQNHFVDEYDPTIEDSYRK_-18	26	SALTIQLIQNHFVDEYDPTIEDSYRK_-18
SALTIQLIQNHFVDEYDPTIEDSYRK_52.9	26	SALTIQLIQNHFVDEYDPTIEDSYRK_52.9
SALTIQLIQNHFVDEYDPTIEDSYRK_91.9	26	SALTIQLIQNHFVDEYDPTIEDSYRK_91.9
SALTIQLIQNHFVDEYDPTIEDSYRK_16	26	SALTIQLIQNHFVDEYDPTIEDSYRK_16
SALTIQLIQNHFVDEYDPTIEDSYRK_32	26	SALTIQLIQNHFVDEYDPTIEDSYRK_32
QGVDDAFYTLVR_-0.9	12	QGVDDAFYTLVR_-0.9
SALTIQLIQNHFVDEYDPTIEDSYRK_80	26	SALTIQLIQNHFVDEYDPTIEDSYRK_80
TGEGFLCVFAINNTK_43	15	TGEGFLCVFAINNTK_43
TGEGFLCVFAINNTK_62	15	TGEGFLCVFAINNTK_62
TGEGFLCVFAINNTK_23	15	TGEGFLCVFAINNTK_23
SYGIPFIETSAK_43	12	SYGIPFIETSAK_43
TGEGFLCVFAINNTK_270	15	TGEGFLCVFAINNTK_270
QGVDDAFYTLVR_-0.1	12	QGVDDAFYTLVR_-0.1
SALTIQLIQNHFVDEYDPTIEDSYR_-17	25	SALTIQLIQNHFVDEYDPTIEDSYR_-17
SALTIQLIQNHFVDEYDPTIEDSYR_22.9	25	SALTIQLIQNHFVDEYDPTIEDSYR_22.9
SALTIQLIQNHFVDEYDPTIEDSYR_3	25	SALTIQLIQNHFVDEYDPTIEDSYR_3
TGEGFLCVFAINNTK_128	15	TGEGFLCVFAINNTK_128
SALTIQLIQNHFVDEYDPTIEDSYR_-1.1	25	SALTIQLIQNHFVDEYDPTIEDSYR_-1.1
TGEGFLCVFAINNTK_153	15	TGEGFLCVFAINNTK_153
TGEGFLCVFAINNTK_277	15	TGEGFLCVFAINNTK_277
TGEGFLCVFAINNTK_228	15	TGEGFLCVFAINNTK_228
TGEGFLCVFAINNTK_32	15	TGEGFLCVFAINNTK_32
TGEGFLCVFAINNTK_172	15	TGEGFLCVFAINNTK_172
TGEGFLCVFAINNTK_47	15	TGEGFLCVFAINNTK_47
TGEGFLCVFAINNTK_95	15	TGEGFLCVFAINNTK_95
TGEGFLCVFAINNTK_-35	15	TGEGFLCVFAINNTK_-35
TGEGFLCVFAINNTK_161.9	15	TGEGFLCVFAINNTK_161.9
TGEGFLCVFAINNTK_319	15	TGEGFLCVFAINNTK_319
TGEGFLCVFAINNTK_305	15	TGEGFLCVFAINNTK_305
TGEGFLCVFAINNTK_320	15	TGEGFLCVFAINNTK_320
TGEGFLCVFAINNTK_13	15	TGEGFLCVFAINNTK_13
QGVDDAFYTLVREIR_0	15	QGVDDAFYTLVREIR_0
TGEGFLCVFAINNTK_127	15	TGEGFLCVFAINNTK_127
QGVDDAFYTLVR_7	12	QGVDDAFYTLVR_7
TGEGFLCVFAINNTK_116.9	15	TGEGFLCVFAINNTK_116.9
TGEGFLCVFAINNTK_35	15	TGEGFLCVFAINNTK_35
TGEGFLCVFAINNTK_244.9	15	TGEGFLCVFAINNTK_244.9
TGEGFLCVFAINNTK_245	15	TGEGFLCVFAINNTK_245
TGEGFLCVFAINNTK_114.9	15	TGEGFLCVFAINNTK_114.9
TGEGFLCVFAINNTK_151	15	TGEGFLCVFAINNTK_151
TGEGFLCVFAINNTK_118	15	TGEGFLCVFAINNTK_118
TGEGFLCVFAINNTK_133	15	TGEGFLCVFAINNTK_133
TGEGFLCVFAINNTK_227.9	15	TGEGFLCVFAINNTK_227.9
TGEGFLCVFAINNTK_193	15	TGEGFLCVFAINNTK_193
TGEGFLCVFAINNTK_293	15	TGEGFLCVFAINNTK_293
SALTIQLIQNHFVDEYDPTIEDSYR_-1	25	SALTIQLIQNHFVDEYDPTIEDSYR_-1
TGEGFLCVFAINNTK_261	15	TGEGFLCVFAINNTK_261
TGEGFLCVFAINNTK_264	15	TGEGFLCVFAINNTK_264
TGEGFLCVFAINNTK_317	15	TGEGFLCVFAINNTK_317
SALTIQLIQNHFVDEYDPTIEDSYRK_-2.1	26	SALTIQLIQNHFVDEYDPTIEDSYRK_-2.1
QVVIDGETCLLDILDTAGQEEYSAMR_166.1	26	QVVIDGETCLLDILDTAGQEEYSAMR_166.1
TGEGFLCVFAINNTK_141	15	TGEGFLCVFAINNTK_141
QVVIDGETCLLDILDTAGQEEYSAMR_166	26	QVVIDGETCLLDILDTAGQEEYSAMR_166
TGEGFLCVFAINNTK_243.9	15	TGEGFLCVFAINNTK_243.9
TGEGFLCVFAINNTK_159	15	TGEGFLCVFAINNTK_159
TGEGFLCVFAINNTK_30.9	15	TGEGFLCVFAINNTK_30.9
QVVIDGETCLLDILDTAGQEEYSAMR_41	26	QVVIDGETCLLDILDTAGQEEYSAMR_41
TGEGFLCVFAINNTK_193.1	15	TGEGFLCVFAINNTK_193.1
TGEGFLCVFAINNTK_175	15	TGEGFLCVFAINNTK_175
TGEGFLCVFAINNTK_174.9	15	TGEGFLCVFAINNTK_174.9
TGEGFLCVFAINNTK_196.9	15	TGEGFLCVFAINNTK_196.9
TGEGFLCVFAINNTK_143	15	TGEGFLCVFAINNTK_143
TGEGFLCVFAINNTK_164.9	15	TGEGFLCVFAINNTK_164.9
TGEGFLCVFAINNTK_180.9	15	TGEGFLCVFAINNTK_180.9
QVVIDGETCLLDILDTAGQEEYSAMR_144.1	26	QVVIDGETCLLDILDTAGQEEYSAMR_144.1
TGEGFLCVFAINNTK_144	15	TGEGFLCVFAINNTK_144
TGEGFLCVFAINNTK_-9.1	15	TGEGFLCVFAINNTK_-9.1
TGEGFLCVFAINNTK_221	15	TGEGFLCVFAINNTK_221
TGEGFLCVFAINNTK_249.1	15	TGEGFLCVFAINNTK_249.1
QVVIDGETCLLDILDTAGQEEYSAMR_71.1	26	QVVIDGETCLLDILDTAGQEEYSAMR_71.1
QVVIDGETCLLDILDTAGQEEYSAMRDQYMR_166	31	QVVIDGETCLLDILDTAGQEEYSAMRDQYMR_166
KQVVIDGETCLLDILDTAGQEEYSAMRDQYMR_37.9	32	KQVVIDGETCLLDILDTAGQEEYSAMRDQYMR_37.9
QVVIDGETCLLDILDTAGQEEYSAMRDQYMR_269.2	31	QVVIDGETCLLDILDTAGQEEYSAMRDQYMR_269.2
QVVIDGETCLLDILDTAGQEEYSAMR_128.1	26	QVVIDGETCLLDILDTAGQEEYSAMR_128.1
QVVIDGETCLLDILDTAGQEEYSAMR_103.1	26	QVVIDGETCLLDILDTAGQEEYSAMR_103.1
QVVIDGETCLLDILDTAGQEEYSAMR_23	26	QVVIDGETCLLDILDTAGQEEYSAMR_23
QVVIDGETCLLDILDTAGQEEYSAMR_24	26	QVVIDGETCLLDILDTAGQEEYSAMR_24
KQVVIDGETCLLDILDTAGQEEYSAMR_138	27	KQVVIDGETCLLDILDTAGQEEYSAMR_138
QVVIDGETCLLDILDTAGQEEYSAMR_17	26	QVVIDGETCLLDILDTAGQEEYSAMR_17
KQVVIDGETCLLDILDTAGQEEYSAMR_93	27	KQVVIDGETCLLDILDTAGQEEYSAMR_93
KQVVIDGETCLLDILDTAGQEEYSAMR_109	27	KQVVIDGETCLLDILDTAGQEEYSAMR_109
QVVIDGETCLLDILDTAGQEEYSAMRDQYMR_-1.8	31	QVVIDGETCLLDILDTAGQEEYSAMRDQYMR_-1.8
QVVIDGETCLLDILDTAGQEEYSAMRDQYMR_37.9	31	QVVIDGETCLLDILDTAGQEEYSAMRDQYMR_37.9
QVVIDGETCLLDILDTAGQEEYSAMR_-9	26	QVVIDGETCLLDILDTAGQEEYSAMR_-9
QVVIDGETCLLDILDTAGQEEYSAMR_93	26	QVVIDGETCLLDILDTAGQEEYSAMR_93
QVVIDGETCLLDILDTAGQEEYSAMR_7	26	QVVIDGETCLLDILDTAGQEEYSAMR_7
QVVIDGETCLLDILDTAGQEEYSAMR_138	26	QVVIDGETCLLDILDTAGQEEYSAMR_138
QVVIDGETCLLDILDTAGQEEYSAMR_-57	26	QVVIDGETCLLDILDTAGQEEYSAMR_-57
SALTIQLIQNHFVDEYDPTIEDSYR_1.8	25	SALTIQLIQNHFVDEYDPTIEDSYR_1.8
QVVIDGETCLLDILDTAGQEEYSAMR_-42.1	26	QVVIDGETCLLDILDTAGQEEYSAMR_-42.1
TVDTKQAQDLAR_37.9	12	TVDTKQAQDLAR_37.9
SFEDIHHYREQIKR_1	14	SFEDIHHYREQIKR_1
LVVVGAGGVGK_53.9	11	LVVVGAGGVGK_53.9
LVVVGAGGVGK_24	11	LVVVGAGGVGK_24
VKDSEDVPMVLVGNK_-145.1	15	VKDSEDVPMVLVGNK_-145.1
VKDSEDVPMVLVGNK_52.9	15	VKDSEDVPMVLVGNK_52.9
VKDSEDVPMVLVGNKCDLPSR_13	21	VKDSEDVPMVLVGNKCDLPSR_13
VKDSEDVPMVLVGNKCDLPSR_-7	21	VKDSEDVPMVLVGNKCDLPSR_-7
VKDSEDVPMVLVGNKCDLPSR_248.1	21	VKDSEDVPMVLVGNKCDLPSR_248.1
VKDSEDVPMVLVGNKCDLPSR_487.2	21	VKDSEDVPMVLVGNKCDLPSR_487.2
VKDSEDVPMVLVGNKCDLPSR_487.3	21	VKDSEDVPMVLVGNKCDLPSR_487.3
TEYKLVVVGAGGVGK_220.1	15	TEYKLVVVGAGGVGK_220.1
DSEDVPMVLVGNK_-115	13	DSEDVPMVLVGNK_-115
VKDSEDVPMVLVGNKCDLPSR_-25.1	21	VKDSEDVPMVLVGNKCDLPSR_-25.1
VKDSEDVPMVLVGNKCDLPSR_-35.1	21	VKDSEDVPMVLVGNKCDLPSR_-35.1
VKDSEDVPMVLVGNKCDLPSR_94	21	VKDSEDVPMVLVGNKCDLPSR_94
SYGIPFIETSAKTR_-0.1	14	SYGIPFIETSAKTR_-0.1
DSEDVPMVLVGNK_23	13	DSEDVPMVLVGNK_23
TRQGVDDAFYTLVR_-17	14	TRQGVDDAFYTLVR_-17
TGEGFLCVFAINNTK_409.1	15	TGEGFLCVFAINNTK_409.1
SYGIPFIETSAK_37.9	12	SYGIPFIETSAK_37.9
TGEGFLCVFAINNTK_-27.1	15	TGEGFLCVFAINNTK_-27.1
TGEGFLCVFAINNTK_-27	15	TGEGFLCVFAINNTK_-27
SYGIPFIETSAK_38	12	SYGIPFIETSAK_38
QGVDDAFYTLVR_-128	12	QGVDDAFYTLVR_-128
TGEGFLCVFAINNTK_149.1	15	TGEGFLCVFAINNTK_149.1
YDPTIEDSYRK_129	11	YDPTIEDSYRK_129
SALTIQLIQNHFVDEYDPTIEDSYRK_15	26	SALTIQLIQNHFVDEYDPTIEDSYRK_15
TGEGFLCVFAINNTK_-18	15	TGEGFLCVFAINNTK_-18
TGEGFLCVFAINNTK_55	15	TGEGFLCVFAINNTK_55
TGEGFLCVFAINNTK_267.1	15	TGEGFLCVFAINNTK_267.1
SALTIQLIQNHFVDEYDPTIEDSYR_60.9	25	SALTIQLIQNHFVDEYDPTIEDSYR_60.9
TGEGFLCVFAINNTK_146.9	15	TGEGFLCVFAINNTK_146.9
TGEGFLCVFAINNTK_199	15	TGEGFLCVFAINNTK_199
TGEGFLCVFAINNTK_-91	15	TGEGFLCVFAINNTK_-91
TGEGFLCVFAINNTK_170	15	TGEGFLCVFAINNTK_170
TGEGFLCVFAINNTK_33	15	TGEGFLCVFAINNTK_33
TGEGFLCVFAINNTK_203	15	TGEGFLCVFAINNTK_203
TGEGFLCVFAINNTK_198	15	TGEGFLCVFAINNTK_198
TGEGFLCVFAINNTK_208	15	TGEGFLCVFAINNTK_208
TGEGFLCVFAINNTK_226.9	15	TGEGFLCVFAINNTK_226.9
TGEGFLCVFAINNTK_110	15	TGEGFLCVFAINNTK_110
TGEGFLCVFAINNTK_164	15	TGEGFLCVFAINNTK_164
KQVVIDGETCLLDILDTAGQEEYSAMR_26.1	27	KQVVIDGETCLLDILDTAGQEEYSAMR_26.1
TGEGFLCVFAINNTK_205	15	TGEGFLCVFAINNTK_205
KQVVIDGETCLLDILDTAGQEEYSAMR_25.1	27	KQVVIDGETCLLDILDTAGQEEYSAMR_25.1
VKDSEDVPMVLVGNKCDLPSR_161.2	21	VKDSEDVPMVLVGNKCDLPSR_161.2
KQVVIDGETCLLDILDTAGQEEYSAMR_23.1	27	KQVVIDGETCLLDILDTAGQEEYSAMR_23.1
TGEGFLCVFAINNTK_230	15	TGEGFLCVFAINNTK_230
TGEGFLCVFAINNTK_263.1	15	TGEGFLCVFAINNTK_263.1
TGEGFLCVFAINNTK_263	15	TGEGFLCVFAINNTK_263
KQVVIDGETCLLDILDTAGQEEYSAMR_-9	27	KQVVIDGETCLLDILDTAGQEEYSAMR_-9
QVVIDGETCLLDILDTAGQEEYSAMRDQYMR_23	31	QVVIDGETCLLDILDTAGQEEYSAMRDQYMR_23
QVVIDGETCLLDILDTAGQEEYSAMRDQYMR_38.9	31	QVVIDGETCLLDILDTAGQEEYSAMRDQYMR_38.9
TGEGFLCVFAINNTK_23.9	15	TGEGFLCVFAINNTK_23.9
KQVVIDGETCLLDILDTAGQEEYSAMR_59.9	27	KQVVIDGETCLLDILDTAGQEEYSAMR_59.9
KQVVIDGETCLLDILDTAGQEEYSAMR_3	27	KQVVIDGETCLLDILDTAGQEEYSAMR_3
TGEGFLCVFAINNTK_266.1	15	TGEGFLCVFAINNTK_266.1
QVVIDGETCLLDILDTAGQEEYSAMR_54	26	QVVIDGETCLLDILDTAGQEEYSAMR_54
QVVIDGETCLLDILDTAGQEEYSAMR_75.9	26	QVVIDGETCLLDILDTAGQEEYSAMR_75.9
QVVIDGETCLLDILDTAGQEEYSAMR_28.9	26	QVVIDGETCLLDILDTAGQEEYSAMR_28.9
QVVIDGETCLLDILDTAGQEEYSAMR_-12	26	QVVIDGETCLLDILDTAGQEEYSAMR_-12
QVVIDGETCLLDILDTAGQEEYSAMR_-3	26	QVVIDGETCLLDILDTAGQEEYSAMR_-3
QVVIDGETCLLDILDTAGQEEYSAMR_76.9	26	QVVIDGETCLLDILDTAGQEEYSAMR_76.9
QVVIDGETCLLDILDTAGQEEYSAMR_92	26	QVVIDGETCLLDILDTAGQEEYSAMR_92
SFEDIHHYR_156.1	9	SFEDIHHYR_156.1
SFEDIHHYREQIKR_24	14	SFEDIHHYREQIKR_24
SFEDIHHYREQIKR_-87	14	SFEDIHHYREQIKR_-87
VKDSEDVPMVLVGNK_-48	15	VKDSEDVPMVLVGNK_-48
SFEDIHHYREQIK_1	13	SFEDIHHYREQIK_1
YDPTIEDSYR_0	10	YDPTIEDSYR_0
RVKDSEDVPMVLVGNK_37.9	16	RVKDSEDVPMVLVGNK_37.9
LVVVGAGGVGK_1	11	LVVVGAGGVGK_1
VKDSEDVPMVLVGNK_59.9	15	VKDSEDVPMVLVGNK_59.9
VKDSEDVPMVLVGNK_75.9	15	VKDSEDVPMVLVGNK_75.9
DSEDVPMVLVGNKCDLPSRTVDTK_0	24	DSEDVPMVLVGNKCDLPSRTVDTK_0
SYGIPFIETSAKTR_1	14	SYGIPFIETSAKTR_1
DSEDVPMVLVGNK_53.9	13	DSEDVPMVLVGNK_53.9
DSEDVPMVLVGNKCDLPSR_-25.1	19	DSEDVPMVLVGNKCDLPSR_-25.1
DSEDVPMVLVGNKCDLPSR_-8	19	DSEDVPMVLVGNKCDLPSR_-8
TVDTKQAQDLARSYGIPFIETSAK_257.1	24	TVDTKQAQDLARSYGIPFIETSAK_257.1
SYGIPFIETSAK_53.9	12	SYGIPFIETSAK_53.9
TGEGFLCVFAINNTKSFEDIHHYREQIK_99.1	28	TGEGFLCVFAINNTKSFEDIHHYREQIK_99.1
TRQGVDDAFYTLVREIR_128.1	17	TRQGVDDAFYTLVREIR_128.1
SALTIQLIQNHFVDEYDPTIEDSYRK_17.9	26	SALTIQLIQNHFVDEYDPTIEDSYRK_17.9
SALTIQLIQNHFVDEYDPTIEDSYRK_18	26	SALTIQLIQNHFVDEYDPTIEDSYRK_18
SALTIQLIQNHFVDEYDPTIEDSYR_166	25	SALTIQLIQNHFVDEYDPTIEDSYR_166
YDPTIEDSYRK_343.1	11	YDPTIEDSYRK_343.1
SALTIQLIQNHFVDEYDPTIEDSYRK_-35	26	SALTIQLIQNHFVDEYDPTIEDSYRK_-35
SALTIQLIQNHFVDEYDPTIEDSYRK_-36	26	SALTIQLIQNHFVDEYDPTIEDSYRK_-36
SALTIQLIQNHFVDEYDPTIEDSYRK_-105.1	26	SALTIQLIQNHFVDEYDPTIEDSYRK_-105.1
SALTIQLIQNHFVDEYDPTIEDSYRK_-87	26	SALTIQLIQNHFVDEYDPTIEDSYRK_-87
SALTIQLIQNHFVDEYDPTIEDSYRK_-105	26	SALTIQLIQNHFVDEYDPTIEDSYRK_-105
SALTIQLIQNHFVDEYDPTIEDSYRK_61.9	26	SALTIQLIQNHFVDEYDPTIEDSYRK_61.9
SYGIPFIETSAK_80	12	SYGIPFIETSAK_80
QGVDDAFYTLVREIRK_0	16	QGVDDAFYTLVREIRK_0
SALTIQLIQNHFVDEYDPTIEDSYRK_117.9	26	SALTIQLIQNHFVDEYDPTIEDSYRK_117.9
TGEGFLCVFAINNTK_-17	15	TGEGFLCVFAINNTK_-17
TGEGFLCVFAINNTK_-101	15	TGEGFLCVFAINNTK_-101
TGEGFLCVFAINNTK_-45	15	TGEGFLCVFAINNTK_-45
TGEGFLCVFAINNTK_-20.1	15	TGEGFLCVFAINNTK_-20.1
TGEGFLCVFAINNTK_-0.9	15	TGEGFLCVFAINNTK_-0.9
TGEGFLCVFAINNTK_361.3	15	TGEGFLCVFAINNTK_361.3
SALTIQLIQNHFVDEYDPTIEDSYRK_183	26	SALTIQLIQNHFVDEYDPTIEDSYRK_183
TGEGFLCVFAINNTK_56	15	TGEGFLCVFAINNTK_56
SALTIQLIQNHFVDEYDPTIEDSYR_-18	25	SALTIQLIQNHFVDEYDPTIEDSYR_-18
SALTIQLIQNHFVDEYDPTIEDSYR_-1.4	25	SALTIQLIQNHFVDEYDPTIEDSYR_-1.4
TGEGFLCVFAINNTK_268.1	15	TGEGFLCVFAINNTK_268.1
TGEGFLCVFAINNTK_-73	15	TGEGFLCVFAINNTK_-73
TGEGFLCVFAINNTK_204.9	15	TGEGFLCVFAINNTK_204.9
SYGIPFIETSAKTRQGVDDAFYTLVR_37.9	26	SYGIPFIETSAKTRQGVDDAFYTLVR_37.9
TGEGFLCVFAINNTK_175.9	15	TGEGFLCVFAINNTK_175.9
TGEGFLCVFAINNTK_39	15	TGEGFLCVFAINNTK_39
TGEGFLCVFAINNTK_4	15	TGEGFLCVFAINNTK_4
TGEGFLCVFAINNTK_46	15	TGEGFLCVFAINNTK_46
KQVVIDGETCLLDILDTAGQEEYSAMR_57	27	KQVVIDGETCLLDILDTAGQEEYSAMR_57
TGEGFLCVFAINNTK_20	15	TGEGFLCVFAINNTK_20
QGVDDAFYTLVR_20.9	12	QGVDDAFYTLVR_20.9
TGEGFLCVFAINNTK_34	15	TGEGFLCVFAINNTK_34
SALTIQLIQNHFVDEYDPTIEDSYRK_80.9	26	SALTIQLIQNHFVDEYDPTIEDSYRK_80.9
TGEGFLCVFAINNTK_162.9	15	TGEGFLCVFAINNTK_162.9
TGEGFLCVFAINNTK_166	15	TGEGFLCVFAINNTK_166
TGEGFLCVFAINNTK_48	15	TGEGFLCVFAINNTK_48
TGEGFLCVFAINNTK_100.9	15	TGEGFLCVFAINNTK_100.9
TGEGFLCVFAINNTK_163	15	TGEGFLCVFAINNTK_163
TGEGFLCVFAINNTK_262	15	TGEGFLCVFAINNTK_262
KQVVIDGETCLLDILDTAGQEEYSAMR_54	27	KQVVIDGETCLLDILDTAGQEEYSAMR_54
KQVVIDGETCLLDILDTAGQEEYSAMRDQYMR_38.9	32	KQVVIDGETCLLDILDTAGQEEYSAMRDQYMR_38.9
TGEGFLCVFAINNTK_207	15	TGEGFLCVFAINNTK_207
LVVVGAGGVGK_-1	11	LVVVGAGGVGK_-1
KQVVIDGETCLLDILDTAGQEEYSAMRDQYMR_25	32	KQVVIDGETCLLDILDTAGQEEYSAMRDQYMR_25
TGEGFLCVFAINNTK_-24	15	TGEGFLCVFAINNTK_-24
KQVVIDGETCLLDILDTAGQEEYSAMR_139	27	KQVVIDGETCLLDILDTAGQEEYSAMR_139
SALTIQLIQNHFVDEYDPTIEDSYR_43	25	SALTIQLIQNHFVDEYDPTIEDSYR_43
QGVDDAFYTLVREIR_-17	15	QGVDDAFYTLVREIR_-17
KQVVIDGETCLLDILDTAGQEEYSAMR_75.9	27	KQVVIDGETCLLDILDTAGQEEYSAMR_75.9
QVVIDGETCLLDILDTAGQEEYSAMR_87.1	26	QVVIDGETCLLDILDTAGQEEYSAMR_87.1
KQVVIDGETCLLDILDTAGQEEYSAMR_60.9	27	KQVVIDGETCLLDILDTAGQEEYSAMR_60.9
KQVVIDGETCLLDILDTAGQEEYSAMRDQYMR_-5.8	32	KQVVIDGETCLLDILDTAGQEEYSAMRDQYMR_-5.8
KQVVIDGETCLLDILDTAGQEEYSAMR_61.9	27	KQVVIDGETCLLDILDTAGQEEYSAMR_61.9
KQVVIDGETCLLDILDTAGQEEYSAMR_41	27	KQVVIDGETCLLDILDTAGQEEYSAMR_41
SALTIQLIQNHFVDEYDPTIEDSYRK_-1.1	26	SALTIQLIQNHFVDEYDPTIEDSYRK_-1.1
KQVVIDGETCLLDILDTAGQEEYSAMRDQYMR_39	32	KQVVIDGETCLLDILDTAGQEEYSAMRDQYMR_39
QVVIDGETCLLDILDTAGQEEYSAMR_114.1	26	QVVIDGETCLLDILDTAGQEEYSAMR_114.1
QVVIDGETCLLDILDTAGQEEYSAMRDQYMR_57	31	QVVIDGETCLLDILDTAGQEEYSAMRDQYMR_57
KQVVIDGETCLLDILDTAGQEEYSAMRDQYMR_38	32	KQVVIDGETCLLDILDTAGQEEYSAMRDQYMR_38
KQVVIDGETCLLDILDTAGQEEYSAMR_12.9	27	KQVVIDGETCLLDILDTAGQEEYSAMR_12.9
KQVVIDGETCLLDILDTAGQEEYSAMRDQYMR_23	32	KQVVIDGETCLLDILDTAGQEEYSAMRDQYMR_23
KQVVIDGETCLLDILDTAGQEEYSAMR_167	27	KQVVIDGETCLLDILDTAGQEEYSAMR_167
SALTIQLIQNHFVDEYDPTIEDSYRK_-3.1	26	SALTIQLIQNHFVDEYDPTIEDSYRK_-3.1
QVVIDGETCLLDILDTAGQEEYSAMR_52.9	26	QVVIDGETCLLDILDTAGQEEYSAMR_52.9
QVVIDGETCLLDILDTAGQEEYSAMR_22.9	26	QVVIDGETCLLDILDTAGQEEYSAMR_22.9
QVVIDGETCLLDILDTAGQEEYSAMR_109	26	QVVIDGETCLLDILDTAGQEEYSAMR_109
QVVIDGETCLLDILDTAGQEEYSAMR_-2	26	QVVIDGETCLLDILDTAGQEEYSAMR_-2
QVVIDGETCLLDILDTAGQEEYSAMR_5	26	QVVIDGETCLLDILDTAGQEEYSAMR_5
QVVIDGETCLLDILDTAGQEEYSAMR_5.9	26	QVVIDGETCLLDILDTAGQEEYSAMR_5.9
QVVIDGETCLLDILDTAGQEEYSAMR_-74	26	QVVIDGETCLLDILDTAGQEEYSAMR_-74
QVVIDGETCLLDILDTAGQEEYSAMR_-4.1	26	QVVIDGETCLLDILDTAGQEEYSAMR_-4.1
QVVIDGETCLLDILDTAGQEEYSAMR_-16.1	26	QVVIDGETCLLDILDTAGQEEYSAMR_-16.1
SFEDIHHYR_16	9	SFEDIHHYR_16
VKDSEDVPMVLVGNK_3	15	VKDSEDVPMVLVGNK_3
RVKDSEDVPMVLVGNK_-99.1	16	RVKDSEDVPMVLVGNK_-99.1
VKDSEDVPMVLVGNKCDLPSR_-6	21	VKDSEDVPMVLVGNKCDLPSR_-6
VKDSEDVPMVLVGNK_0.8	15	VKDSEDVPMVLVGNK_0.8
VKDSEDVPMVLVGNKCDLPSR_-24	21	VKDSEDVPMVLVGNKCDLPSR_-24
VKDSEDVPMVLVGNKCDLPSR_-56	21	VKDSEDVPMVLVGNKCDLPSR_-56
DSEDVPMVLVGNKCDLPSR_0.9	19	DSEDVPMVLVGNKCDLPSR_0.9
TGEGFLCVFAINNTK_409.2	15	TGEGFLCVFAINNTK_409.2
TVDTKQAQDLARSYGIPFIETSAK_257.2	24	TVDTKQAQDLARSYGIPFIETSAK_257.2
SYGIPFIETSAK_382.1	12	SYGIPFIETSAK_382.1
QGVDDAFYTLVR_14	12	QGVDDAFYTLVR_14
TGEGFLCVFAINNTKSFEDIHHYR_1	24	TGEGFLCVFAINNTKSFEDIHHYR_1
SALTIQLIQNHFVDEYDPTIEDSYRK_41	26	SALTIQLIQNHFVDEYDPTIEDSYRK_41
SALTIQLIQNHFVDEYDPTIEDSYRK_36.9	26	SALTIQLIQNHFVDEYDPTIEDSYRK_36.9
SALTIQLIQNHFVDEYDPTIEDSYRK_21.9	26	SALTIQLIQNHFVDEYDPTIEDSYRK_21.9
SALTIQLIQNHFVDEYDPTIEDSYRK_17	26	SALTIQLIQNHFVDEYDPTIEDSYRK_17
SALTIQLIQNHFVDEYDPTIEDSYRK_79.9	26	SALTIQLIQNHFVDEYDPTIEDSYRK_79.9
SALTIQLIQNHFVDEYDPTIEDSYRK_81	26	SALTIQLIQNHFVDEYDPTIEDSYRK_81
TGEGFLCVFAINNTK_361.2	15	TGEGFLCVFAINNTK_361.2
TGEGFLCVFAINNTK_-16	15	TGEGFLCVFAINNTK_-16
TGEGFLCVFAINNTK_286	15	TGEGFLCVFAINNTK_286
SALTIQLIQNHFVDEYDPTIEDSYR_52.9	25	SALTIQLIQNHFVDEYDPTIEDSYR_52.9
SALTIQLIQNHFVDEYDPTIEDSYR_92.9	25	SALTIQLIQNHFVDEYDPTIEDSYR_92.9
TGEGFLCVFAINNTK_188	15	TGEGFLCVFAINNTK_188
TGEGFLCVFAINNTK_405.2	15	TGEGFLCVFAINNTK_405.2
TGEGFLCVFAINNTK_137.9	15	TGEGFLCVFAINNTK_137.9
TGEGFLCVFAINNTK_137	15	TGEGFLCVFAINNTK_137
TGEGFLCVFAINNTK_16.9	15	TGEGFLCVFAINNTK_16.9
QVVIDGETCLLDILDTAGQEEYSAMRDQYMR_41	31	QVVIDGETCLLDILDTAGQEEYSAMRDQYMR_41
TGEGFLCVFAINNTK_-56	15	TGEGFLCVFAINNTK_-56
VKDSEDVPMVLVGNKCDLPSR_161.1	21	VKDSEDVPMVLVGNKCDLPSR_161.1
KQVVIDGETCLLDILDTAGQEEYSAMRDQYMR_-7.9	32	KQVVIDGETCLLDILDTAGQEEYSAMRDQYMR_-7.9
TGEGFLCVFAINNTK_158.9	15	TGEGFLCVFAINNTK_158.9
TGEGFLCVFAINNTK_15.9	15	TGEGFLCVFAINNTK_15.9
SYGIPFIETSAKTRQGVDDAFYTLVR_398.2	26	SYGIPFIETSAKTRQGVDDAFYTLVR_398.2
KQVVIDGETCLLDILDTAGQEEYSAMR_52.9	27	KQVVIDGETCLLDILDTAGQEEYSAMR_52.9
KQVVIDGETCLLDILDTAGQEEYSAMR_92.9	27	KQVVIDGETCLLDILDTAGQEEYSAMR_92.9
KQVVIDGETCLLDILDTAGQEEYSAMR_24.9	27	KQVVIDGETCLLDILDTAGQEEYSAMR_24.9
TGEGFLCVFAINNTK_60.9	15	TGEGFLCVFAINNTK_60.9
KQVVIDGETCLLDILDTAGQEEYSAMR_21	27	KQVVIDGETCLLDILDTAGQEEYSAMR_21
QVVIDGETCLLDILDTAGQEEYSAMRDQYMR_39.9	31	QVVIDGETCLLDILDTAGQEEYSAMRDQYMR_39.9
QVVIDGETCLLDILDTAGQEEYSAMRDQYMR_25	31	QVVIDGETCLLDILDTAGQEEYSAMRDQYMR_25
KQVVIDGETCLLDILDTAGQEEYSAMRDQYMR_22	32	KQVVIDGETCLLDILDTAGQEEYSAMRDQYMR_22
SALTIQLIQNHFVDEYDPTIEDSYR_-2.1	25	SALTIQLIQNHFVDEYDPTIEDSYR_-2.1
QVVIDGETCLLDILDTAGQEEYSAMRDQYMR_113.1	31	QVVIDGETCLLDILDTAGQEEYSAMRDQYMR_113.1
KQVVIDGETCLLDILDTAGQEEYSAMR_140	27	KQVVIDGETCLLDILDTAGQEEYSAMR_140
KQVVIDGETCLLDILDTAGQEEYSAMR_110	27	KQVVIDGETCLLDILDTAGQEEYSAMR_110
QVVIDGETCLLDILDTAGQEEYSAMRDQYMR_-57	31	QVVIDGETCLLDILDTAGQEEYSAMRDQYMR_-57
QVVIDGETCLLDILDTAGQEEYSAMR_167	26	QVVIDGETCLLDILDTAGQEEYSAMR_167
QVVIDGETCLLDILDTAGQEEYSAMR_111.1	26	QVVIDGETCLLDILDTAGQEEYSAMR_111.1
QVVIDGETCLLDILDTAGQEEYSAMR_146.9	26	QVVIDGETCLLDILDTAGQEEYSAMR_146.9
TGEGFLCVFAINNTK_299.1	15	TGEGFLCVFAINNTK_299.1
TGEGFLCVFAINNTK_345.1	15	TGEGFLCVFAINNTK_345.1
QVVIDGETCLLDILDTAGQEEYSAMR_-17.1	26	QVVIDGETCLLDILDTAGQEEYSAMR_-17.1
LVVVGAGGVGK_22	11	LVVVGAGGVGK_22
VKDSEDVPMVLVGNKCDLPSR_37	21	VKDSEDVPMVLVGNKCDLPSR_37
VKDSEDVPMVLVGNKCDLPSR_-19.1	21	VKDSEDVPMVLVGNKCDLPSR_-19.1
VKDSEDVPMVLVGNKCDLPSR_110	21	VKDSEDVPMVLVGNKCDLPSR_110
DSEDVPMVLVGNKCDLPSR_-9.1	19	DSEDVPMVLVGNKCDLPSR_-9.1
QRVEDAFYTLVR_-148.1	12	QRVEDAFYTLVR_-148.1
SALTIQLIQNHFVDEYDPTIEDSYRK_-53	26	SALTIQLIQNHFVDEYDPTIEDSYRK_-53
SALTIQLIQNHFVDEYDPTIEDSYRK_40.9	26	SALTIQLIQNHFVDEYDPTIEDSYRK_40.9
DQYMRTGEGFLCVFAINNTK_123.1	20	DQYMRTGEGFLCVFAINNTK_123.1
YDPTIEDSYR_244.1	10	YDPTIEDSYR_244.1
SALTIQLIQNHFVDEYDPTIEDSYR_76.9	25	SALTIQLIQNHFVDEYDPTIEDSYR_76.9
SALTIQLIQNHFVDEYDPTIEDSYR_-8.1	25	SALTIQLIQNHFVDEYDPTIEDSYR_-8.1
SALTIQLIQNHFVDEYDPTIEDSYR_16	25	SALTIQLIQNHFVDEYDPTIEDSYR_16
TGEGFLCVFAINNTK_228.1	15	TGEGFLCVFAINNTK_228.1
TGEGFLCVFAINNTK_152.9	15	TGEGFLCVFAINNTK_152.9
TGEGFLCVFAINNTK_261.1	15	TGEGFLCVFAINNTK_261.1
KQVVIDGETCLLDILDTAGQEEYSAMR_20	27	KQVVIDGETCLLDILDTAGQEEYSAMR_20
TGEGFLCVFAINNTK_34.9	15	TGEGFLCVFAINNTK_34.9
QVVIDGETCLLDILDTAGQEEYSAMR_103	26	QVVIDGETCLLDILDTAGQEEYSAMR_103
QVVIDGETCLLDILDTAGQEEYSAMRDQYMR_332.2	31	QVVIDGETCLLDILDTAGQEEYSAMRDQYMR_332.2
QVVIDGETCLLDILDTAGQEEYSAMR_42	26	QVVIDGETCLLDILDTAGQEEYSAMR_42
TGEGFLCVFAINNTK_-43	15	TGEGFLCVFAINNTK_-43
KQVVIDGETCLLDILDTAGQEEYSAMR_42.1	27	KQVVIDGETCLLDILDTAGQEEYSAMR_42.1
KQVVIDGETCLLDILDTAGQEEYSAMR_40	27	KQVVIDGETCLLDILDTAGQEEYSAMR_40
KQVVIDGETCLLDILDTAGQEEYSAMR_41.1	27	KQVVIDGETCLLDILDTAGQEEYSAMR_41.1
QVVIDGETCLLDILDTAGQEEYSAMRDQYMR_40	31	QVVIDGETCLLDILDTAGQEEYSAMRDQYMR_40
QVVIDGETCLLDILDTAGQEEYSAMRDQYMR_71.1	31	QVVIDGETCLLDILDTAGQEEYSAMRDQYMR_71.1
QVVIDGETCLLDILDTAGQEEYSAMR_94	26	QVVIDGETCLLDILDTAGQEEYSAMR_94
SALTIQLIQNHFVDEYDPTIEDSYR_-4.2	25	SALTIQLIQNHFVDEYDPTIEDSYR_-4.2
TGEGFLCVFAINNTK_161.1	15	TGEGFLCVFAINNTK_161.1
QVVIDGETCLLDILDTAGQEEYSAMR_78.9	26	QVVIDGETCLLDILDTAGQEEYSAMR_78.9
TGEGFLCVFAINNTK_0.9	15	TGEGFLCVFAINNTK_0.9
QAQDLAR_-18	7	QAQDLAR_-18
TVDTKQAQDLAR_38	12	TVDTKQAQDLAR_38
SFEDIHHYREQIKR_23	14	SFEDIHHYREQIKR_23
SALTIQLIQNHFVDEYDPTIEDSYRK_40	26	SALTIQLIQNHFVDEYDPTIEDSYRK_40
MTEYKLVVVGAGGVGKSALTIQLIQNHFVDEYDPTIEDSYR_385.4	41	MTEYKLVVVGAGGVGKSALTIQLIQNHFVDEYDPTIEDSYR_385.4
LVVVGAGGVGKSALTIQLIQNHFVDEYDPTIEDSYR_48.8	36	LVVVGAGGVGKSALTIQLIQNHFVDEYDPTIEDSYR_48.8
SALTIQLIQNHFVDEYDPTIEDSYR_-10.1	25	SALTIQLIQNHFVDEYDPTIEDSYR_-10.1
TGEGFLCVFAINNTK_195	15	TGEGFLCVFAINNTK_195
SALTIQLIQNHFVDEYDPTIEDSYR_39	25	SALTIQLIQNHFVDEYDPTIEDSYR_39
TGEGFLCVFAINNTK_38.9	15	TGEGFLCVFAINNTK_38.9
SALTIQLIQNHFVDEYDPTIEDSYRK_45	26	SALTIQLIQNHFVDEYDPTIEDSYRK_45
KQVVIDGETCLLDILDTAGQEEYSAMR_24.1	27	KQVVIDGETCLLDILDTAGQEEYSAMR_24.1
TGEGFLCVFAINNTK_44	15	TGEGFLCVFAINNTK_44
SYGIPFIETSAK_1	12	SYGIPFIETSAK_1
KQVVIDGETCLLDILDTAGQEEYSAMR_76.9	27	KQVVIDGETCLLDILDTAGQEEYSAMR_76.9
QVVIDGETCLLDILDTAGQEEYSAMRDQYMR_96.1	31	QVVIDGETCLLDILDTAGQEEYSAMRDQYMR_96.1
QVVIDGETCLLDILDTAGQEEYSAMRDQYMR_38	31	QVVIDGETCLLDILDTAGQEEYSAMRDQYMR_38
QVVIDGETCLLDILDTAGQEEYSAMR_139	26	QVVIDGETCLLDILDTAGQEEYSAMR_139
QVVIDGETCLLDILDTAGQEEYSAMR_-19.1	26	QVVIDGETCLLDILDTAGQEEYSAMR_-19.1
QVVIDGETCLLDILDTAGQEEYSAMR_-35	26	QVVIDGETCLLDILDTAGQEEYSAMR_-35
QVVIDGETCLLDILDTAGQEEYSAMR_-56	26	QVVIDGETCLLDILDTAGQEEYSAMR_-56
QVVIDGETCLLDILDTAGQEEYSAMRDQYMR_-13	31	QVVIDGETCLLDILDTAGQEEYSAMRDQYMR_-13
TGEGFLCVFAINNTK_164.2	15	TGEGFLCVFAINNTK_164.2
QVVIDGETCLLDILDTAGQEEYSAMR_77.9	26	QVVIDGETCLLDILDTAGQEEYSAMR_77.9
KQVVIDGETCLLDILDTAGQEEYSAMR_-7.1	27	KQVVIDGETCLLDILDTAGQEEYSAMR_-7.1
QVVIDGETCLLDILDTAGQEEYSAMR_-3.1	26	QVVIDGETCLLDILDTAGQEEYSAMR_-3.1
TEYKLVVVGAGGVGK_218.9	15	TEYKLVVVGAGGVGK_218.9
VKDSEDVPMVLVGNKCDLPSR_92	21	VKDSEDVPMVLVGNKCDLPSR_92
VKDSEDVPMVLVGNKCDLPSR_76.9	21	VKDSEDVPMVLVGNKCDLPSR_76.9
SYGIPFIETSAK_-17	12	SYGIPFIETSAK_-17
LVVVGAGGVGKSALTIQLIQNHFVDEYDPTIEDSYRK_23	37	LVVVGAGGVGKSALTIQLIQNHFVDEYDPTIEDSYRK_23
LVVVGAGGVGKSALTIQLIQNHFVDEYDPTIEDSYRK_92.8	37	LVVVGAGGVGKSALTIQLIQNHFVDEYDPTIEDSYRK_92.8
TGEGFLCVFAINNTK_55.9	15	TGEGFLCVFAINNTK_55.9
SALTIQLIQNHFVDEYDPTIEDSYR_91.9	25	SALTIQLIQNHFVDEYDPTIEDSYR_91.9
QGVDDAFYTLVREIR_1	15	QGVDDAFYTLVREIR_1
SALTIQLIQNHFVDEYDPTIEDSYRK_-0.9	26	SALTIQLIQNHFVDEYDPTIEDSYRK_-0.9
QGVDDAFYTLVR_4.9	12	QGVDDAFYTLVR_4.9
QVVIDGETCLLDILDTAGQEEYSAMRDQYMR_316.2	31	QVVIDGETCLLDILDTAGQEEYSAMRDQYMR_316.2
TGEGFLCVFAINNTK_221.1	15	TGEGFLCVFAINNTK_221.1
TGEGFLCVFAINNTK_-7	15	TGEGFLCVFAINNTK_-7
QVVIDGETCLLDILDTAGQEEYSAMRDQYMR_21	31	QVVIDGETCLLDILDTAGQEEYSAMRDQYMR_21
QVVIDGETCLLDILDTAGQEEYSAMR_-24	26	QVVIDGETCLLDILDTAGQEEYSAMR_-24
QVVIDGETCLLDILDTAGQEEYSAMR_43	26	QVVIDGETCLLDILDTAGQEEYSAMR_43
QVVIDGETCLLDILDTAGQEEYSAMR_-72	26	QVVIDGETCLLDILDTAGQEEYSAMR_-72
SFEDIHHYR_-0.1	9	SFEDIHHYR_-0.1
VKDSEDVPMVLVGNKCDLPSR_22.9	21	VKDSEDVPMVLVGNKCDLPSR_22.9
SALTIQLIQNHFVDEYDPTIEDSYRK_114.5	26	SALTIQLIQNHFVDEYDPTIEDSYRK_114.5
TGEGFLCVFAINNTK_132.9	15	TGEGFLCVFAINNTK_132.9
QVVIDGETCLLDILDTAGQEEYSAMR_86.1	26	QVVIDGETCLLDILDTAGQEEYSAMR_86.1
TGEGFLCVFAINNTK_7.9	15	TGEGFLCVFAINNTK_7.9
KQVVIDGETCLLDILDTAGQEEYSAMR_79	27	KQVVIDGETCLLDILDTAGQEEYSAMR_79
QVVIDGETCLLDILDTAGQEEYSAMR_38.9	26	QVVIDGETCLLDILDTAGQEEYSAMR_38.9
QVVIDGETCLLDILDTAGQEEYSAMR_-15	26	QVVIDGETCLLDILDTAGQEEYSAMR_-15
QVVIDGETCLLDILDTAGQEEYSAMR_-26.1	26	QVVIDGETCLLDILDTAGQEEYSAMR_-26.1
VKDSEDVPMVLVGNKCDLPSR_54.9	21	VKDSEDVPMVLVGNKCDLPSR_54.9
VKDSEDVPMVLVGNK_1.1	15	VKDSEDVPMVLVGNK_1.1
DSEDVPMVLVGNK_4	13	DSEDVPMVLVGNK_4
SALTIQLIQNHFVDEYDPTIEDSYRK_39.9	26	SALTIQLIQNHFVDEYDPTIEDSYRK_39.9
SALTIQLIQNHFVDEYDPTIEDSYR_208.1	25	SALTIQLIQNHFVDEYDPTIEDSYR_208.1
SALTIQLIQNHFVDEYDPTIEDSYR_54.9	25	SALTIQLIQNHFVDEYDPTIEDSYR_54.9
TGEGFLCVFAINNTK_181	15	TGEGFLCVFAINNTK_181
SALTIQLIQNHFVDEYDPTIEDSYR_1.9	25	SALTIQLIQNHFVDEYDPTIEDSYR_1.9
TGEGFLCVFAINNTK_176.9	15	TGEGFLCVFAINNTK_176.9
TGEGFLCVFAINNTK_211	15	TGEGFLCVFAINNTK_211
TGEGFLCVFAINNTK_169.9	15	TGEGFLCVFAINNTK_169.9
TGEGFLCVFAINNTK_178.1	15	TGEGFLCVFAINNTK_178.1
TGEGFLCVFAINNTK_169	15	TGEGFLCVFAINNTK_169
TGEGFLCVFAINNTK_246	15	TGEGFLCVFAINNTK_246
TGEGFLCVFAINNTK_76.9	15	TGEGFLCVFAINNTK_76.9
TGEGFLCVFAINNTK_232	15	TGEGFLCVFAINNTK_232
QVVIDGETCLLDILDTAGQEEYSAMR_73.1	26	QVVIDGETCLLDILDTAGQEEYSAMR_73.1
QVVIDGETCLLDILDTAGQEEYSAMR_248.1	26	QVVIDGETCLLDILDTAGQEEYSAMR_248.1
QAQDLAR_2	7	QAQDLAR_2
VKDSEDVPMVLVGNKCDLPSR_13.9	21	VKDSEDVPMVLVGNKCDLPSR_13.9
LVVVGAGGVGK_-2.1	11	LVVVGAGGVGK_-2.1
VKDSEDVPMVLVGNK_-3.9	15	VKDSEDVPMVLVGNK_-3.9
TRQGVDDAFYTLVR_-1	14	TRQGVDDAFYTLVR_-1
TGEGFLCVFAINNTK_119	15	TGEGFLCVFAINNTK_119
LVVVGAGGVGKSALTIQLIQNHFVDEYDPTIEDSYRK_93.8	37	LVVVGAGGVGKSALTIQLIQNHFVDEYDPTIEDSYRK_93.8
QGVDDAFYTLVR_81	12	QGVDDAFYTLVR_81
TGEGFLCVFAINNTK_-33	15	TGEGFLCVFAINNTK_-33
TGEGFLCVFAINNTK_291	15	TGEGFLCVFAINNTK_291
LVVVGAGGVGK_37.9	11	LVVVGAGGVGK_37.9
YDPTIEDSYR_1.1	10	YDPTIEDSYR_1.1
VKDSEDVPMVLVGNK_7	15	VKDSEDVPMVLVGNK_7
QGVDDAFYTLVR_72	12	QGVDDAFYTLVR_72
QGVDDAFYTLVR_23	12	QGVDDAFYTLVR_23
SALTIQLIQNHFVDEYDPTIEDSYRK_23.9	26	SALTIQLIQNHFVDEYDPTIEDSYRK_23.9
SALTIQLIQNHFVDEYDPTIEDSYRK_31	26	SALTIQLIQNHFVDEYDPTIEDSYRK_31
TGEGFLCVFAINNTK_159.9	15	TGEGFLCVFAINNTK_159.9
TGEGFLCVFAINNTK_93.9	15	TGEGFLCVFAINNTK_93.9
TGEGFLCVFAINNTK_98.9	15	TGEGFLCVFAINNTK_98.9
QVVIDGETCLLDILDTAGQEEYSAMR_143.1	26	QVVIDGETCLLDILDTAGQEEYSAMR_143.1
QVVIDGETCLLDILDTAGQEEYSAMR_92.9	26	QVVIDGETCLLDILDTAGQEEYSAMR_92.9
QVVIDGETCLLDILDTAGQEEYSAMR_-41.1	26	QVVIDGETCLLDILDTAGQEEYSAMR_-41.1
DSEDVPMVLVGNKCDLPSR_250.1	19	DSEDVPMVLVGNKCDLPSR_250.1
TGEGFLCVFAINNTK_302.1	15	TGEGFLCVFAINNTK_302.1
SALTIQLIQNHFVDEYDPTIEDSYRK_114.6	26	SALTIQLIQNHFVDEYDPTIEDSYRK_114.6
SALTIQLIQNHFVDEYDPTIEDSYR_23.9	25	SALTIQLIQNHFVDEYDPTIEDSYR_23.9
SALTIQLIQNHFVDEYDPTIEDSYRK_183.1	26	SALTIQLIQNHFVDEYDPTIEDSYRK_183.1
SALTIQLIQNHFVDEYDPTIEDSYRK_0.9	26	SALTIQLIQNHFVDEYDPTIEDSYRK_0.9
QVVIDGETCLLDILDTAGQEEYSAMR_14	26	QVVIDGETCLLDILDTAGQEEYSAMR_14
