MIASQVVDINLAAEPK_22	16	MIASQVVDINLAAEPK_22
MIASQVVDINLAAEPK_41	16	MIASQVVDINLAAEPK_41
MIASQVVDINLAAEPK_21.9	16	MIASQVVDINLAAEPK_21.9
SAAEMYGSVTEHPSPSPLLSSSFDLDYDFQR_-24	31	SAAEMYGSVTEHPSPSPLLSSSFDLDYDFQR_-24
SAAEMYGSVTEHPSPSPLLSSSFDLDYDFQR_1	31	SAAEMYGSVTEHPSPSPLLSSSFDLDYDFQR_1
SAAEMYGSVTEHPSPSPLLSSSFDLDYDFQR_0	31	SAAEMYGSVTEHPSPSPLLSSSFDLDYDFQR_0
RSAAEMYGSVTEHPSPSPLLSSSFDLDYDFQR_-140.1	32	RSAAEMYGSVTEHPSPSPLLSSSFDLDYDFQR_-140.1
SAAEMYGSVTEHPSPSPLLSSSFDLDYDFQR_41	31	SAAEMYGSVTEHPSPSPLLSSSFDLDYDFQR_41
SAAEMYGSVTEHPSPSPLLSSSFDLDYDFQR_-33	31	SAAEMYGSVTEHPSPSPLLSSSFDLDYDFQR_-33
SAAEMYGSVTEHPSPSPLLSSSFDLDYDFQR_57	31	SAAEMYGSVTEHPSPSPLLSSSFDLDYDFQR_57
DDEKEAEEGEDDRDSTNGQDDS_51.9	22	DDEKEAEEGEDDRDSTNGQDDS_51.9
KSDVEAIFSNSSFDLDYDFQR_298.2	21	KSDVEAIFSNSSFDLDYDFQR_298.2
SAAEMYGSVTEHPSPSPLLSSSFDLDYDFQR_-31	31	SAAEMYGSVTEHPSPSPLLSSSFDLDYDFQR_-31
SAAEMYGSVTEHPSPSPLLSSSFDLDYDFQR_58	31	SAAEMYGSVTEHPSPSPLLSSSFDLDYDFQR_58
SAAEMYGSVTEHPSPSPLLSSSFDLDYDFQR_60	31	SAAEMYGSVTEHPSPSPLLSSSFDLDYDFQR_60
SAAEMYGSVTEHPSPSPLLSSSFDLDYDFQR_37.9	31	SAAEMYGSVTEHPSPSPLLSSSFDLDYDFQR_37.9
SAAEMYGSVTEHPSPSPLLSSSFDLDYDFQR_81	31	SAAEMYGSVTEHPSPSPLLSSSFDLDYDFQR_81
SAAEMYGSVTEHPSPSPLLSSSFDLDYDFQR_28	31	SAAEMYGSVTEHPSPSPLLSSSFDLDYDFQR_28
SAAEMYGSVTEHPSPSPLLSSSFDLDYDFQR_24	31	SAAEMYGSVTEHPSPSPLLSSSFDLDYDFQR_24
SAAEMYGSVTEHPSPSPLLSSSFDLDYDFQR_30	31	SAAEMYGSVTEHPSPSPLLSSSFDLDYDFQR_30
SAAEMYGSVTEHPSPSPLLSSSFDLDYDFQR_127.9	31	SAAEMYGSVTEHPSPSPLLSSSFDLDYDFQR_127.9
SAAEMYGSVTEHPSPSPLLSSSFDLDYDFQR_126.9	31	SAAEMYGSVTEHPSPSPLLSSSFDLDYDFQR_126.9
KSDVEAIFSNSSFDLDYDFQR_207.1	21	KSDVEAIFSNSSFDLDYDFQR_207.1
SAAEMYGSVTEHPSPSPLLSSSFDLDYDFQR_125.9	31	SAAEMYGSVTEHPSPSPLLSSSFDLDYDFQR_125.9
SAAEMYGSSFDLDYGFQR_16.1	18	SAAEMYGSSFDLDYGFQR_16.1
MESEGGADDSVEEGDLLCDDDNEDQGDNQLELIKDDEK_213.7	38	MESEGGADDSVEEGDLLCDDDNEDQGDNQLELIKDDEK_213.7
SAAEMYGSVTEHPSPSPLLSSSFDLDYDFQR_84.1	31	SAAEMYGSVTEHPSPSPLLSSSFDLDYDFQR_84.1
SAAEMYGSVTEHPSPSPLLSSSFDLDYDFQR_351.2	31	SAAEMYGSVTEHPSPSPLLSSSFDLDYDFQR_351.2
SAAEMYGSVTEHPSPSPLLSSSFDLDYDFQR_83.1	31	SAAEMYGSVTEHPSPSPLLSSSFDLDYDFQR_83.1
SDVEAIFSNSSFDLDYDFQR_82.1	20	SDVEAIFSNSSFDLDYDFQR_82.1
SAAEMYGSVTEHPSPSPLLSSSFDLDYDFQR_25	31	SAAEMYGSVTEHPSPSPLLSSSFDLDYDFQR_25
SAAEMYGSVTEHPSPSPLLSSSFDLDYDFQR_-32	31	SAAEMYGSVTEHPSPSPLLSSSFDLDYDFQR_-32
SAAEMYGSVTEHPSPSPLLSSSFDLDYDFQR_-89.1	31	SAAEMYGSVTEHPSPSPLLSSSFDLDYDFQR_-89.1
KSDVEAIFSNSSFDLDYDFQR_461.2	21	KSDVEAIFSNSSFDLDYDFQR_461.2
SAAEMYGSVTEHPSPSPLLSSSFDLDYDFQR_22	31	SAAEMYGSVTEHPSPSPLLSSSFDLDYDFQR_22
SAAEMYGSVTEHPSPSPLLSSSFDLDYDFQR_15	31	SAAEMYGSVTEHPSPSPLLSSSFDLDYDFQR_15
SAAEMYGSVTEHPSPSPLLSSSFDLDYDFQR_31	31	SAAEMYGSVTEHPSPSPLLSSSFDLDYDFQR_31
SAAEMYGSVTEHPSPSPLLSSSFDLDYDFQR_143.9	31	SAAEMYGSVTEHPSPSPLLSSSFDLDYDFQR_143.9
SAAEMYGSVTEHPSPSPLLSSSFDLDYDFQR_2	31	SAAEMYGSVTEHPSPSPLLSSSFDLDYDFQR_2
MESEGGADDSVEEGDLLCDDDNEDQGDNQLELIKDDEK_19.9	38	MESEGGADDSVEEGDLLCDDDNEDQGDNQLELIKDDEK_19.9
KSDVEAIFSNSSFDLDYDFQR_417.3	21	KSDVEAIFSNSSFDLDYDFQR_417.3
AAVAGEDGRMIASQVVDINLAAEPK_25	25	AAVAGEDGRMIASQVVDINLAAEPK_25
RSAAEMYGSVTEHPSPSPLLSSSFDLDYDFQR_-41.1	32	RSAAEMYGSVTEHPSPSPLLSSSFDLDYDFQR_-41.1
AGVKRSAAEMYGSVTEHPSPSPLLSSSFDLDYDFQR_-20.4	36	AGVKRSAAEMYGSVTEHPSPSPLLSSSFDLDYDFQR_-20.4
SAAEMYGSVTEHPSPSPLLSSSFDLDYDFQR_3	31	SAAEMYGSVTEHPSPSPLLSSSFDLDYDFQR_3
SAAEMYGSVTEHPSPSPLLSSSFDLDYDFQR_37	31	SAAEMYGSVTEHPSPSPLLSSSFDLDYDFQR_37
SAAEMYGSVTEHPSPSPLLSSSFDLDYDFQR_38	31	SAAEMYGSVTEHPSPSPLLSSSFDLDYDFQR_38
SAAEMYGSVTEHPSPSPLLSSSFDLDYDFQR_43	31	SAAEMYGSVTEHPSPSPLLSSSFDLDYDFQR_43
DDEKEAEEGEDDRDSTNGQDDS_50.9	22	DDEKEAEEGEDDRDSTNGQDDS_50.9
DDEKEAEEGEDDRDSTNGQDDS_33.9	22	DDEKEAEEGEDDRDSTNGQDDS_33.9
MESEGGADDSVEEGDLLCDDDNEDQGDNQLELIKDDEK_18	38	MESEGGADDSVEEGDLLCDDDNEDQGDNQLELIKDDEK_18
MIASQVVDINLAAEPK_28	16	MIASQVVDINLAAEPK_28
KSDVEAIFSNSSFDLDYDFQR_462.2	21	KSDVEAIFSNSSFDLDYDFQR_462.2
RSAAEMYGSVTEHPSPSPLLSSSFDLDYDFQR_0	32	RSAAEMYGSVTEHPSPSPLLSSSFDLDYDFQR_0
SAAEMYGSVTEHPSPSPLLSSSFDLDYDFQR_42	31	SAAEMYGSVTEHPSPSPLLSSSFDLDYDFQR_42
SAAEMYGSVTEHPSPSPLLSSSFDLDYDFQR_33	31	SAAEMYGSVTEHPSPSPLLSSSFDLDYDFQR_33
SAAEMYGSVTEHPSPSPLLSSSFDLDYDFQR_32	31	SAAEMYGSVTEHPSPSPLLSSSFDLDYDFQR_32
SAAEMYGSVTEHPSPSPLLSSSFDLDYDFQR_34	31	SAAEMYGSVTEHPSPSPLLSSSFDLDYDFQR_34
SAAEMYGSVTEHPSPSPLLSSSFDLDYDFQR_80	31	SAAEMYGSVTEHPSPSPLLSSSFDLDYDFQR_80
AGVKRSAAEMYGSVTEHPSPSPLLSSSFDLDYDFQR_245.2	36	AGVKRSAAEMYGSVTEHPSPSPLLSSSFDLDYDFQR_245.2
SAAEMYGSVTEHPSPSPLLSSSFDLDYDFQR_110.9	31	SAAEMYGSVTEHPSPSPLLSSSFDLDYDFQR_110.9
SAAEMYGSVTEHPSPSPLLSSSFDLDYDFQR_128.9	31	SAAEMYGSVTEHPSPSPLLSSSFDLDYDFQR_128.9
DDEKEAEEGEDDRDSTNGQDDS_-28	22	DDEKEAEEGEDDRDSTNGQDDS_-28
MESEGGADDSVEEGDLLCDDDNEDQGDNQLELIKDDEK_93	38	MESEGGADDSVEEGDLLCDDDNEDQGDNQLELIKDDEK_93
MESEGGADDSVEEGDLLCDDDNEDQGDNQLELIKDDEK_19	38	MESEGGADDSVEEGDLLCDDDNEDQGDNQLELIKDDEK_19
MESEGGADDSVEEGDLLCDDDNEDQGDNQLELIKDDEK_17.9	38	MESEGGADDSVEEGDLLCDDDNEDQGDNQLELIKDDEK_17.9
AGVKRSAAEMYGSVTEHPSPSPLLSSSFDLDYDFQR_242.9	36	AGVKRSAAEMYGSVTEHPSPSPLLSSSFDLDYDFQR_242.9
SAAEMYGSVTEHPSPSPLLSSSFDLDYDFQR_2.2	31	SAAEMYGSVTEHPSPSPLLSSSFDLDYDFQR_2.2
SAAEMYGSVTEHPSPSPLLSSSFDLDYDFQR_-30	31	SAAEMYGSVTEHPSPSPLLSSSFDLDYDFQR_-30
SAAEMYGSVTEHPSPSPLLSSSFDLDYDFQR_59	31	SAAEMYGSVTEHPSPSPLLSSSFDLDYDFQR_59
